WorldCup,RK,Team,PTS
1994,1,GermanyGER,60.0
1994,2,NetherlandsNED,59.0
1994,3,BrazilBRA,59.0
1994,4,ItalyITA,57.0
1994,5,SpainESP,56.0
1994,6,NorwayNOR,56.0
1994,7,RomaniaROU,55.0
1994,8,ArgentinaARG,55.0
1994,9,DenmarkDEN,55.0
1994,10,SwedenSWE,55.0
1994,11,NigeriaNGA,54.0
1994,12,SwitzerlandSUI,54.0
1994,13,FranceFRA,53.0
1994,14,Republic of IrelandIRL,53.0
1994,15,EnglandENG,52.0
1994,16,MexicoMEX,51.0
1994,17,ColombiaCOL,51.0
1994,18,UruguayURU,50.0
1994,19,RussiaRUS,50.0
1994,20,ZambiaZAM,49.0
1994,21,Côte d'IvoireCIV,47.0
1994,22,PortugalPOR,47.0
1994,23,USAUSA,47.0
1994,24,CameroonCMR,46.0
1994,25,EgyptEGY,45.0
1994,26,GhanaGHA,44.0
1994,27,BelgiumBEL,44.0
1994,28,MoroccoMAR,44.0
1994,29,BulgariaBUL,44.0
1994,30,TunisiaTUN,42.0
1994,31,GreeceGRE,41.0
1994,32,PolandPOL,41.0
1994,33,ScotlandSCO,40.0
1994,34,Saudi ArabiaKSA,40.0
1994,35,WalesWAL,39.0
1994,36,AustriaAUT,38.0
1994,37,Korea RepublicKOR,38.0
1994,38,IcelandISL,38.0
1994,39,EcuadorECU,37.0
1994,40,ChileCHI,37.0
1994,41,Northern IrelandNIR,37.0
1994,42,ZimbabweZIM,35.0
1994,43,BoliviaBOL,35.0
1994,44,SlovakiaSVK,35.0
1994,45,Czech RepublicCZE,35.0
1994,46,FinlandFIN,35.0
1994,47,AustraliaAUS,34.0
1994,48,AlgeriaALG,34.0
1994,49,MaliMLI,34.0
1994,50,HondurasHON,34.0
1994,51,Costa RicaCRC,34.0
1994,52,JapanJPN,33.0
1994,53,IsraelISR,32.0
1994,54,CanadaCAN,31.0
1994,55,SenegalSEN,31.0
1994,56,HungaryHUN,31.0
1994,57,TurkeyTUR,31.0
1994,58,IR IranIRN,30.0
1994,59,China PRCHN,29.0
1994,60,ParaguayPAR,28.0
1994,61,GuineaGUI,26.0
1994,62,United Arab EmiratesUAE,26.0
1994,63,ZaireZAI,26.0
1994,64,GabonGAB,26.0
1994,65,IraqIRQ,26.0
1994,66,Sierra LeoneSLE,24.0
1994,67,PeruPER,24.0
1994,68,El SalvadorSLV,23.0
1994,69,QatarQAT,23.0
1994,70,JamaicaJAM,23.0
1994,71,Korea DPRPRK,23.0
1994,72,MaltaMLT,22.0
1994,73,CyprusCYP,22.0
1994,74,KuwaitKUW,22.0
1994,75,ThailandTHA,22.0
1994,76,South AfricaRSA,21.0
1994,77,OmanOMA,21.0
1994,78,YugoslaviaYUG,21.0
1994,79,SloveniaSVN,21.0
1994,80,MalawiMWI,21.0
1994,81,NigerNIG,21.0
1994,82,KenyaKEN,20.0
1994,83,UkraineUKR,20.0
1994,84,Trinidad and TobagoTRI,20.0
1994,85,LatviaLVA,19.0
1994,86,SyriaSYR,19.0
1994,87,SingaporeSGP,19.0
1994,88,LithuaniaLTU,19.0
1994,89,BermudaBER,17.0
1994,90,New ZealandNZL,17.0
1994,91,CroatiaCRO,17.0
1994,92,BahrainBHR,15.0
1994,93,SurinameSUR,15.0
1994,94,VenezuelaVEN,15.0
1994,95,MalaysiaMAS,15.0
1994,96,JordanJOR,15.0
1994,97,FijiFIJ,14.0
1994,98,BarbadosBRB,14.0
1994,99,TanzaniaTAN,14.0
1994,100,EswatiniSWZ,13.0
1994,101,UgandaUGA,13.0
1994,102,Burkina FasoBFA,13.0
1994,103,YemenYEM,13.0
1994,104,AlbaniaALB,13.0
1994,105,IndiaIND,13.0
1994,106,MadagascarMAD,13.0
1994,107,Puerto RicoPUR,12.0
1994,108,MozambiqueMOZ,12.0
1994,109,Hong KongHKG,12.0
1994,110,GambiaGAM,12.0
1994,111,BurundiBDI,12.0
1994,112,EstoniaEST,12.0
1994,113,CongoCGO,11.0
1994,114,EthiopiaETH,11.0
1994,115,MyanmarMYA,10.0
1994,116,Guinea-BissauGNB,10.0
1994,117,LuxembourgLUX,10.0
1994,118,FYR MacedoniaMKD,10.0
1994,119,LebanonLBN,10.0
1994,120,IndonesiaIDN,9.0
1994,121,Antigua and BarbudaATG,9.0
1994,122,HaitiHAI,9.0
1994,123,TogoTOG,9.0
1994,124,AngolaANG,9.0
1994,125,Faroe IslandsFRO,8.0
1994,126,GeorgiaGEO,8.0
1994,127,Sri LankaSRI,8.0
1994,128,NepalNEP,8.0
1994,129,SudanSDN,8.0
1994,130,BangladeshBAN,8.0
1994,131,PanamaPAN,7.0
1994,132,San MarinoSMR,7.0
1994,133,GrenadaGRN,7.0
1994,134,GuatemalaGUA,7.0
1994,135,St. Vincent and the GrenadinesVIN,7.0
1994,136,LiberiaLBR,6.0
1994,138,BeninBEN,6.0
1994,139,MauritiusMRI,5.0
1994,140,TahitiTAH,5.0
1994,141,Cayman IslandsCAY,4.0
1994,142,BelarusBLR,4.0
1994,143,VietnamVIE,4.0
1994,144,LesothoLES,4.0
1994,145,GuyanaGUY,4.0
1994,146,St. LuciaLCA,4.0
1994,147,PakistanPAK,4.0
1994,148,BotswanaBOT,3.0
1994,149,MoldovaMDA,3.0
1994,150,MauritaniaMTN,3.0
1994,151,LiechtensteinLIE,2.0
1994,152,MaldivesMDV,2.0
1994,153,Cape Verde IslandsCPV,2.0
1994,154,LaosLAO,2.0
1994,155,Solomon IslandsSOL,2.0
1994,156,Dominican RepublicDOM,1.0
1994,157,LibyaLBY,1.0
1994,158,Brunei DarussalamBRU,1.0
1994,159,ArmeniaARM,1.0
1994,160,NicaraguaNCA,1.0
1998,1,BrazilBRA,72.0
1998,2,GermanyGER,65.0
1998,3,Czech RepublicCZE,65.0
1998,4,MexicoMEX,61.0
1998,5,EnglandENG,60.0
1998,6,ArgentinaARG,60.0
1998,7,NorwayNOR,60.0
1998,8,YugoslaviaYUG,59.0
1998,9,ChileCHI,59.0
1998,10,ColombiaCOL,58.0
1998,11,USAUSA,58.0
1998,12,JapanJPN,58.0
1998,13,MoroccoMAR,57.0
1998,14,ItalyITA,57.0
1998,15,SpainESP,56.0
1998,16,RussiaRUS,56.0
1998,17,EgyptEGY,56.0
1998,18,FranceFRA,56.0
1998,19,CroatiaCRO,56.0
1998,20,Korea RepublicKOR,55.0
1998,21,TunisiaTUN,55.0
1998,22,RomaniaROU,55.0
1998,23,ZambiaZAM,55.0
1998,24,South AfricaRSA,55.0
1998,25,NetherlandsNED,54.0
1998,26,EcuadorECU,53.0
1998,27,DenmarkDEN,53.0
1998,28,SwedenSWE,53.0
1998,29,ParaguayPAR,52.0
1998,30,JamaicaJAM,52.0
1998,31,AustriaAUT,52.0
1998,32,AustraliaAUS,52.0
1998,33,BoliviaBOL,51.0
1998,34,Saudi ArabiaKSA,51.0
1998,35,BulgariaBUL,50.0
1998,36,BelgiumBEL,50.0
1998,37,PeruPER,50.0
1998,38,UruguayURU,50.0
1998,39,PortugalPOR,49.0
1998,40,SlovakiaSVK,49.0
1998,41,ScotlandSCO,48.0
1998,42,IR IranIRN,48.0
1998,43,KuwaitKUW,47.0
1998,44,Côte d'IvoireCIV,47.0
1998,45,LithuaniaLTU,47.0
1998,46,Republic of IrelandIRL,46.0
1998,47,IsraelISR,46.0
1998,48,Trinidad and TobagoTRI,45.0
1998,49,CameroonCMR,45.0
1998,50,ThailandTHA,45.0
1998,51,China PRCHN,45.0
1998,52,GeorgiaGEO,45.0
1998,53,TurkeyTUR,45.0
1998,54,PolandPOL,44.0
1998,55,GreeceGRE,44.0
1998,56,AngolaANG,44.0
1998,57,AlgeriaALG,43.0
1998,58,Costa RicaCRC,43.0
1998,59,United Arab EmiratesUAE,43.0
1998,60,GuineaGUI,43.0
1998,61,FinlandFIN,42.0
1998,62,HungaryHUN,42.0
1998,63,ZaireZAI,41.0
1998,64,UkraineUKR,40.0
1998,65,GhanaGHA,40.0
1998,66,MaliMLI,40.0
1998,67,Burkina FasoBFA,39.0
1998,68,El SalvadorSLV,39.0
1998,69,MozambiqueMOZ,39.0
1998,70,QatarQAT,38.0
1998,71,FYR MacedoniaMKD,38.0
1998,72,IcelandISL,37.0
1998,73,TogoTOG,37.0
1998,74,NigeriaNGA,37.0
1998,75,GuatemalaGUA,37.0
1998,76,NamibiaNAM,37.0
1998,77,CanadaCAN,36.0
1998,78,SenegalSEN,36.0
1998,79,GabonGAB,36.0
1998,80,UzbekistanUZB,36.0
1998,81,SwitzerlandSUI,36.0
1998,82,LatviaLVA,36.0
1998,83,CyprusCYP,36.0
1998,84,ZimbabweZIM,35.0
1998,85,IraqIRQ,34.0
1998,86,HondurasHON,34.0
1998,87,OmanOMA,34.0
1998,88,CubaCUB,33.0
1998,89,IndonesiaIDN,33.0
1998,90,Northern IrelandNIR,33.0
1998,91,Sierra LeoneSLE,33.0
1998,92,SyriaSYR,31.0
1998,93,KenyaKEN,31.0
1998,94,SloveniaSVN,31.0
1998,95,TanzaniaTAN,31.0
1998,96,LebanonLBN,30.0
1998,97,MalawiMWI,30.0
1998,98,LiberiaLBR,29.0
1998,99,MalaysiaMAS,29.0
1998,100,VietnamVIE,29.0
1998,101,AlbaniaALB,29.0
1998,102,Bosnia and HerzegovinaBIH,28.0
1998,103,WalesWAL,28.0
1998,104,EstoniaEST,28.0
1998,105,GrenadaGRN,27.0
1998,106,SingaporeSGP,27.0
1998,107,KazakhstanKAZ,26.0
1998,108,BarbadosBRB,26.0
1998,109,CongoCGO,25.0
1998,110,HaitiHAI,25.0
1998,111,ArmeniaARM,25.0
1998,112,BelarusBLR,24.0
1998,113,SudanSDN,24.0
1998,114,VenezuelaVEN,24.0
1998,115,IndiaIND,24.0
1998,116,UgandaUGA,24.0
1998,117,New ZealandNZL,23.0
1998,118,MyanmarMYA,23.0
1998,119,TajikistanTJK,22.0
1998,120,GambiaGAM,22.0
1998,121,Faroe IslandsFRO,22.0
1998,122,St. Kitts and NevisSKN,21.0
1998,123,AzerbaijanAZE,21.0
1998,124,MaltaMLT,20.0
1998,125,JordanJOR,20.0
1998,126,St. Vincent and the GrenadinesVIN,20.0
1998,127,PanamaPAN,20.0
1998,128,MauritaniaMTN,19.0
1998,129,Sri LankaSRI,19.0
1998,130,DominicaDMA,18.0
1998,131,EthiopiaETH,17.0
1998,132,BeninBEN,17.0
1998,133,St. LuciaLCA,17.0
1998,134,BahrainBHR,17.0
1998,135,YemenYEM,16.0
1998,136,LesothoLES,16.0
1998,137,Solomon IslandsSOL,16.0
1998,138,MoldovaMDA,16.0
1998,139,Hong KongHKG,16.0
1998,140,TurkmenistanTKM,16.0
1998,141,Kyrgyz RepublicKGZ,15.0
1998,142,Dominican RepublicDOM,15.0
1998,143,LuxembourgLUX,14.0
1998,144,Antigua and BarbudaATG,14.0
1998,145,LaosLAO,14.0
1998,146,SurinameSUR,13.0
1998,147,EswatiniSWZ,13.0
1998,148,LibyaLBY,12.0
1998,149,BangladeshBAN,12.0
1998,151,FijiFIJ,11.0
1998,152,Guinea-BissauGNB,11.0
1998,153,GuyanaGUY,11.0
1998,154,BotswanaBOT,10.0
1998,155,NigerNIG,10.0
1998,156,PakistanPAK,9.0
1998,157,MauritiusMRI,9.0
1998,158,BurundiBDI,8.0
1998,159,CambodiaCAM,8.0
1998,160,MaldivesMDV,8.0
1998,161,MacauMAC,7.0
1998,162,Chinese TaipeiTPE,7.0
1998,163,TahitiTAH,7.0
1998,164,Cape Verde IslandsCPV,7.0
1998,165,LiechtensteinLIE,7.0
1998,166,NepalNEP,7.0
1998,167,Cayman IslandsCAY,6.0
1998,168,Papua New GuineaPNG,6.0
1998,169,MadagascarMAD,6.0
1998,170,Korea DPRPRK,5.0
1998,171,Puerto RicoPUR,5.0
1998,172,RwandaRWA,5.0
1998,173,ArubaARU,5.0
1998,174,PhilippinesPHI,4.0
1998,175,TongaTGA,4.0
1998,176,San MarinoSMR,4.0
1998,177,Brunei DarussalamBRU,3.0
1998,178,BelizeBLZ,3.0
1998,179,British Virgin IslandsVGB,2.0
1998,180,SeychellesSEY,2.0
1998,181,SamoaSAM,2.0
1998,182,ChadCHA,2.0
1998,183,BermudaBER,2.0
1998,184,NicaraguaNCA,2.0
1998,185,AndorraAND,2.0
1998,186,VanuatuVAN,1.0
1998,187,SomaliaSOM,1.0
1998,188,Central African RepublicCTA,1.0
2002,1,FranceFRA,802.0
2002,2,BrazilBRA,784.0
2002,3,ArgentinaARG,784.0
2002,4,ColombiaCOL,728.0
2002,5,PortugalPOR,726.0
2002,6,ItalyITA,717.0
2002,7,MexicoMEX,716.0
2002,8,SpainESP,713.0
2002,9,NetherlandsNED,703.0
2002,10,YugoslaviaYUG,702.0
2002,11,GermanyGER,695.0
2002,12,EnglandENG,694.0
2002,13,USAUSA,690.0
2002,14,RomaniaROU,675.0
2002,15,Republic of IrelandIRL,674.0
2002,16,Czech RepublicCZE,674.0
2002,17,CameroonCMR,672.0
2002,18,ParaguayPAR,671.0
2002,19,SwedenSWE,665.0
2002,20,DenmarkDEN,657.0
2002,21,CroatiaCRO,655.0
2002,22,TurkeyTUR,654.0
2002,23,BelgiumBEL,653.0
2002,24,UruguayURU,652.0
2002,25,SloveniaSVN,649.0
2002,26,HondurasHON,647.0
2002,27,NigeriaNGA,644.0
2002,28,RussiaRUS,644.0
2002,29,Costa RicaCRC,643.0
2002,30,IR IranIRN,635.0
2002,31,TunisiaTUN,635.0
2002,32,JapanJPN,634.0
2002,33,NorwayNOR,631.0
2002,34,Saudi ArabiaKSA,627.0
2002,35,Trinidad and TobagoTRI,624.0
2002,36,EcuadorECU,624.0
2002,37,South AfricaRSA,623.0
2002,38,PolandPOL,615.0
2002,39,MoroccoMAR,612.0
2002,40,Korea RepublicKOR,603.0
2002,41,FinlandFIN,600.0
2002,42,SenegalSEN,599.0
2002,43,EgyptEGY,598.0
2002,44,UkraineUKR,593.0
2002,45,ChileCHI,590.0
2002,46,Côte d'IvoireCIV,580.0
2002,47,PeruPER,578.0
2002,48,AustraliaAUS,575.0
2002,49,SlovakiaSVK,574.0
2002,50,China PRCHN,566.0
2002,51,IsraelISR,563.0
2002,52,GhanaGHA,558.0
2002,53,GreeceGRE,558.0
2002,54,BulgariaBUL,557.0
2002,55,ScotlandSCO,557.0
2002,56,IcelandISL,553.0
2002,57,JamaicaJAM,549.0
2002,58,AngolaANG,545.0
2002,59,GeorgiaGEO,545.0
2002,60,ThailandTHA,544.0
2002,61,AustriaAUT,543.0
2002,62,GuatemalaGUA,538.0
2002,63,United Arab EmiratesUAE,536.0
2002,64,SwitzerlandSUI,531.0
2002,65,ZambiaZAM,530.0
2002,66,ZimbabweZIM,527.0
2002,67,UzbekistanUZB,523.0
2002,68,HungaryHUN,523.0
2002,69,TogoTOG,518.0
2002,70,BoliviaBOL,512.0
2002,71,IraqIRQ,509.0
2002,72,Bosnia and HerzegovinaBIH,508.0
2002,73,QatarQAT,507.0
2002,74,Congo DRCOD,505.0
2002,75,CanadaCAN,504.0
2002,76,LiberiaLBR,500.0
2002,77,KuwaitKUW,500.0
2002,78,CubaCUB,498.0
2002,79,AlgeriaALG,497.0
2002,80,Burkina FasoBFA,497.0
2002,81,HaitiHAI,496.0
2002,82,CyprusCYP,492.0
2002,83,VenezuelaVEN,488.0
2002,84,El SalvadorSLV,480.0
2002,85,MaliMLI,471.0
2002,86,EstoniaEST,471.0
2002,87,New ZealandNZL,471.0
2002,88,BelarusBLR,463.0
2002,89,FYR MacedoniaMKD,462.0
2002,90,Northern IrelandNIR,455.0
2002,91,OmanOMA,454.0
2002,92,IndonesiaIDN,453.0
2002,93,SyriaSYR,449.0
2002,94,LebanonLBN,445.0
2002,95,AlbaniaALB,442.0
2002,96,WalesWAL,440.0
2002,97,CongoCGO,439.0
2002,98,LithuaniaLTU,436.0
2002,99,LatviaLVA,435.0
2002,100,JordanJOR,434.0
2002,101,ArmeniaARM,433.0
2002,102,KazakhstanKAZ,429.0
2002,103,MoldovaMDA,425.0
2002,104,GabonGAB,422.0
2002,105,NamibiaNAM,422.0
2002,106,KenyaKEN,418.0
2002,107,VietnamVIE,417.0
2002,108,BahrainBHR,409.0
2002,109,BarbadosBRB,407.0
2002,110,GuineaGUI,399.0
2002,111,PanamaPAN,388.0
2002,112,MalaysiaMAS,384.0
2002,113,SingaporeSGP,381.0
2002,114,TurkmenistanTKM,377.0
2002,115,AzerbaijanAZE,377.0
2002,116,LibyaLBY,374.0
2002,117,MadagascarMAD,366.0
2002,118,MaltaMLT,366.0
2002,119,Faroe IslandsFRO,365.0
2002,120,UgandaUGA,364.0
2002,121,SudanSDN,360.0
2002,122,MalawiMWI,353.0
2002,123,IndiaIND,350.0
2002,124,EswatiniSWZ,349.0
2002,125,FijiFIJ,340.0
2002,126,Korea DPRPRK,339.0
2002,127,MauritiusMRI,335.0
2002,128,TahitiTAH,332.0
2002,129,MozambiqueMOZ,330.0
2002,130,BurundiBDI,328.0
2002,131,St. Vincent and the GrenadinesVIN,327.0
2002,132,St. Kitts and NevisSKN,320.0
2002,133,RwandaRWA,319.0
2002,134,EthiopiaETH,318.0
2002,135,St. LuciaLCA,318.0
2002,136,LesothoLES,313.0
2002,137,Solomon IslandsSOL,305.0
2002,138,GrenadaGRN,305.0
2002,139,BotswanaBOT,303.0
2002,140,YemenYEM,297.0
2002,141,AndorraAND,286.0
2002,142,Sri LankaSRI,281.0
2002,143,Hong KongHKG,280.0
2002,144,Sierra LeoneSLE,279.0
2002,145,LuxembourgLUX,266.0
2002,146,SurinameSUR,260.0
2002,147,PalestinePLE,247.0
2002,148,MaldivesMDV,245.0
2002,149,BangladeshBAN,241.0
2002,150,LiechtensteinLIE,241.0
2002,151,BeninBEN,239.0
2002,152,TanzaniaTAN,237.0
2002,153,MyanmarMYA,229.0
2002,154,GambiaGAM,227.0
2002,155,TajikistanTJK,221.0
2002,156,NepalNEP,214.0
2002,157,BelizeBLZ,211.0
2002,158,Antigua and BarbudaATG,211.0
2002,159,San MarinoSMR,204.0
2002,160,Cape Verde IslandsCPV,202.0
2002,161,Dominican RepublicDOM,198.0
2002,162,British Virgin IslandsVGB,197.0
2002,163,DominicaDMA,197.0
2002,164,LaosLAO,196.0
2002,165,SamoaSAM,195.0
2002,166,Kyrgyz RepublicKGZ,195.0
2002,167,Cayman IslandsCAY,188.0
2002,168,BermudaBER,187.0
2002,169,EritreaERI,182.0
2002,170,VanuatuVAN,180.0
2002,171,CambodiaCAM,175.0
2002,172,Chinese TaipeiTPE,170.0
2002,173,TongaTGA,157.0
2002,174,Guinea-BissauGNB,147.0
2002,175,PhilippinesPHI,145.0
2002,176,ChadCHA,144.0
2002,177,GuyanaGUY,143.0
2002,178,MauritaniaMTN,140.0
2002,179,Cook IslandsCOK,139.0
2002,180,Papua New GuineaPNG,130.0
2002,181,PakistanPAK,130.0
2002,182,MacauMAC,109.0
2002,183,Central African RepublicCTA,106.0
2002,184,BahamasBAH,103.0
2002,186,ArubaARU,99.0
2002,187,Sao Tome e PrincipeSTP,97.0
2002,188,MongoliaMNG,92.0
2002,189,NicaraguaNCA,88.0
2002,190,Brunei DarussalamBRU,83.0
2002,191,Equatorial GuineaEQG,76.0
2002,192,DjiboutiDJI,73.0
2002,193,NigerNIG,68.0
2002,194,SeychellesSEY,67.0
2002,195,SomaliaSOM,66.0
2002,196,AnguillaAIA,63.0
2002,197,Puerto RicoPUR,53.0
2002,198,US Virgin IslandsVIR,46.0
2002,199,GuamGUM,24.0
2002,200,Turks and Caicos IslandsTCA,19.0
2002,201,American SamoaASA,19.0
2002,202,BhutanBHU,13.0
2002,203,MontserratMSR,9.0
2006,1,BrazilBRA,827.0
2006,2,Czech RepublicCZE,772.0
2006,3,NetherlandsNED,768.0
2006,4,MexicoMEX,758.0
2006,5,USAUSA,756.0
2006,5,SpainESP,756.0
2006,7,PortugalPOR,750.0
2006,8,FranceFRA,749.0
2006,9,ArgentinaARG,746.0
2006,10,EnglandENG,741.0
2006,11,NigeriaNGA,736.0
2006,11,DenmarkDEN,736.0
2006,13,ItalyITA,728.0
2006,14,TurkeyTUR,726.0
2006,15,CameroonCMR,722.0
2006,16,SwedenSWE,709.0
2006,17,EgyptEGY,708.0
2006,18,JapanJPN,705.0
2006,19,GermanyGER,696.0
2006,20,GreeceGRE,694.0
2006,21,TunisiaTUN,693.0
2006,22,UruguayURU,689.0
2006,23,IR IranIRN,686.0
2006,23,CroatiaCRO,686.0
2006,25,RomaniaROU,685.0
2006,26,Costa RicaCRC,683.0
2006,27,ColombiaCOL,681.0
2006,28,SenegalSEN,679.0
2006,29,PolandPOL,677.0
2006,29,Korea RepublicKOR,677.0
2006,31,Republic of IrelandIRL,671.0
2006,32,Côte d'IvoireCIV,669.0
2006,33,ParaguayPAR,653.0
2006,34,Saudi ArabiaKSA,651.0
2006,35,SwitzerlandSUI,648.0
2006,36,MoroccoMAR,646.0
2006,37,RussiaRUS,645.0
2006,37,BulgariaBUL,645.0
2006,39,EcuadorECU,631.0
2006,40,NorwayNOR,627.0
2006,41,SlovakiaSVK,613.0
2006,42,HondurasHON,612.0
2006,42,AustraliaAUS,612.0
2006,44,Serbia and MontenegroSCG,610.0
2006,45,UkraineUKR,609.0
2006,46,JamaicaJAM,607.0
2006,47,Trinidad and TobagoTRI,604.0
2006,48,GhanaGHA,600.0
2006,49,FinlandFIN,599.0
2006,49,IsraelISR,599.0
2006,51,GuineaGUI,597.0
2006,52,IraqIRQ,595.0
2006,53,South AfricaRSA,593.0
2006,54,BahrainBHR,588.0
2006,55,ZimbabweZIM,586.0
2006,56,BelgiumBEL,582.0
2006,57,AngolaANG,581.0
2006,57,ZambiaZAM,581.0
2006,59,ScotlandSCO,576.0
2006,60,UzbekistanUZB,571.0
2006,61,TogoTOG,569.0
2006,62,GuatemalaGUA,565.0
2006,63,Bosnia and HerzegovinaBIH,561.0
2006,64,ChileCHI,557.0
2006,65,BelarusBLR,553.0
2006,66,PeruPER,550.0
2006,66,MaliMLI,550.0
2006,68,China PRCHN,545.0
2006,69,Congo DRCOD,544.0
2006,70,LatviaLVA,541.0
2006,71,SloveniaSVN,539.0
2006,71,VenezuelaVEN,539.0
2006,71,United Arab EmiratesUAE,539.0
2006,74,KuwaitKUW,538.0
2006,74,WalesWAL,538.0
2006,76,HungaryHUN,535.0
2006,77,EstoniaEST,534.0
2006,78,QatarQAT,533.0
2006,79,AustriaAUT,531.0
2006,80,CubaCUB,527.0
2006,81,PanamaPAN,523.0
2006,82,OmanOMA,519.0
2006,83,CanadaCAN,515.0
2006,84,JordanJOR,513.0
2006,85,AlbaniaALB,512.0
2006,86,LibyaLBY,511.0
2006,87,AlgeriaALG,505.0
2006,88,Korea DPRPRK,503.0
2006,89,Burkina FasoBFA,500.0
2006,90,SyriaSYR,496.0
2006,91,FYR MacedoniaMKD,489.0
2006,92,SingaporeSGP,482.0
2006,93,LithuaniaLTU,481.0
2006,94,RwandaRWA,476.0
2006,95,KenyaKEN,471.0
2006,96,Northern IrelandNIR,469.0
2006,97,UgandaUGA,468.0
2006,97,SudanSDN,468.0
2006,99,IcelandISL,463.0
2006,100,CyprusCYP,462.0
2006,101,GeorgiaGEO,459.0
2006,102,BoliviaBOL,456.0
2006,103,BotswanaBOT,454.0
2006,104,MoldovaMDA,452.0
2006,105,GabonGAB,448.0
2006,106,HaitiHAI,447.0
2006,107,MalawiMWI,436.0
2006,108,ThailandTHA,435.0
2006,109,ArmeniaARM,416.0
2006,110,IndonesiaIDN,402.0
2006,111,CongoCGO,397.0
2006,112,AzerbaijanAZE,392.0
2006,112,EthiopiaETH,392.0
2006,114,BeninBEN,387.0
2006,115,PalestinePLE,384.0
2006,116,Hong KongHKG,381.0
2006,117,IndiaIND,378.0
2006,118,New ZealandNZL,376.0
2006,119,BarbadosBRB,372.0
2006,120,TurkmenistanTKM,371.0
2006,121,TajikistanTJK,369.0
2006,122,LebanonLBN,368.0
2006,123,LiechtensteinLIE,360.0
2006,123,Cape Verde IslandsCPV,360.0
2006,125,MaltaMLT,359.0
2006,126,VietnamVIE,353.0
2006,127,MozambiqueMOZ,346.0
2006,127,MalaysiaMAS,346.0
2006,129,AndorraAND,343.0
2006,129,El SalvadorSLV,343.0
2006,131,St. LuciaLCA,331.0
2006,132,YemenYEM,327.0
2006,133,St. Kitts and NevisSKN,325.0
2006,133,St. Vincent and the GrenadinesVIN,325.0
2006,135,KazakhstanKAZ,319.0
2006,136,Sri LankaSRI,318.0
2006,137,MaldivesMDV,315.0
2006,138,EswatiniSWZ,314.0
2006,139,Faroe IslandsFRO,313.0
2006,140,BangladeshBAN,307.0
2006,141,LesothoLES,306.0
2006,142,FijiFIJ,305.0
2006,143,LiberiaLBR,304.0
2006,144,Solomon IslandsSOL,293.0
2006,145,TahitiTAH,287.0
2006,146,MauritiusMRI,274.0
2006,147,Kyrgyz RepublicKGZ,273.0
2006,148,VanuatuVAN,257.0
2006,149,MyanmarMYA,255.0
2006,150,BurundiBDI,254.0
2006,151,MadagascarMAD,252.0
2006,152,LuxembourgLUX,248.0
2006,153,PakistanPAK,247.0
2006,154,Equatorial GuineaEQG,244.0
2006,155,GrenadaGRN,240.0
2006,156,Chinese TaipeiTPE,239.0
2006,157,NicaraguaNCA,237.0
2006,158,SurinameSUR,235.0
2006,159,ChadCHA,234.0
2006,160,Antigua and BarbudaATG,233.0
2006,161,San MarinoSMR,229.0
2006,162,GuyanaGUY,211.0
2006,162,BermudaBER,211.0
2006,164,NamibiaNAM,209.0
2006,165,Sierra LeoneSLE,207.0
2006,166,GambiaGAM,198.0
2006,167,TanzaniaTAN,193.0
2006,168,Papua New GuineaPNG,185.0
2006,169,NepalNEP,184.0
2006,171,EritreaERI,174.0
2006,172,LaosLAO,173.0
2006,173,British Virgin IslandsVGB,169.0
2006,174,DominicaDMA,164.0
2006,175,Dominican RepublicDOM,151.0
2006,176,SeychellesSEY,147.0
2006,177,NigerNIG,138.0
2006,178,MauritaniaMTN,134.0
2006,179,MongoliaMNG,133.0
2006,180,BelizeBLZ,129.0
2006,181,Central African RepublicCTA,128.0
2006,182,Cayman IslandsCAY,127.0
2006,183,SamoaSAM,125.0
2006,184,CambodiaCAM,112.0
2006,185,SomaliaSOM,110.0
2006,186,Guinea-BissauGNB,107.0
2006,187,TongaTGA,105.0
2006,188,AfghanistanAFG,102.0
2006,188,New CaledoniaNCL,102.0
2006,190,BhutanBHU,88.0
2006,191,PhilippinesPHI,84.0
2006,192,MacauMAC,83.0
2006,193,Brunei DarussalamBRU,73.0
2006,194,BahamasBAH,64.0
2006,195,Cook IslandsCOK,61.0
2006,196,Puerto RicoPUR,60.0
2006,197,US Virgin IslandsVIR,55.0
2006,198,Sao Tome e PrincipeSTP,52.0
2006,199,AnguillaAIA,50.0
2006,200,DjiboutiDJI,45.0
2006,201,ArubaARU,44.0
2006,202,MontserratMSR,29.0
2006,203,GuamGUM,22.0
2006,204,Turks and Caicos IslandsTCA,21.0
2006,205,American SamoaASA,14.0
2010,1,BrazilBRA,1611.0
2010,2,SpainESP,1565.0
2010,3,PortugalPOR,1249.0
2010,4,NetherlandsNED,1231.0
2010,5,ItalyITA,1184.0
2010,6,GermanyGER,1082.0
2010,7,ArgentinaARG,1076.0
2010,8,EnglandENG,1068.0
2010,9,FranceFRA,1044.0
2010,10,CroatiaCRO,1041.0
2010,11,RussiaRUS,1015.0
2010,12,EgyptEGY,967.0
2010,13,GreeceGRE,964.0
2010,14,USAUSA,957.0
2010,15,SerbiaSRB,947.0
2010,16,UruguayURU,899.0
2010,17,MexicoMEX,895.0
2010,18,ChileCHI,888.0
2010,19,CameroonCMR,887.0
2010,20,AustraliaAUS,886.0
2010,21,NigeriaNGA,883.0
2010,22,NorwayNOR,882.0
2010,23,UkraineUKR,875.0
2010,24,SwitzerlandSUI,866.0
2010,25,SloveniaSVN,860.0
2010,26,IsraelISR,857.0
2010,27,Côte d'IvoireCIV,856.0
2010,28,RomaniaROU,853.0
2010,29,TurkeyTUR,830.0
2010,30,AlgeriaALG,821.0
2010,31,ParaguayPAR,820.0
2010,32,GhanaGHA,800.0
2010,33,Czech RepublicCZE,793.0
2010,34,SlovakiaSVK,777.0
2010,35,ColombiaCOL,776.0
2010,36,DenmarkDEN,767.0
2010,37,SwedenSWE,761.0
2010,38,HondurasHON,734.0
2010,39,BulgariaBUL,711.0
2010,40,Costa RicaCRC,710.0
2010,41,Republic of IrelandIRL,709.0
2010,42,GabonGAB,700.0
2010,43,ScotlandSCO,699.0
2010,44,EcuadorECU,694.0
2010,45,JapanJPN,682.0
2010,46,LatviaLVA,652.0
2010,47,Korea RepublicKOR,632.0
2010,48,Burkina FasoBFA,611.0
2010,49,VenezuelaVEN,608.0
2010,49,LithuaniaLTU,608.0
2010,51,Bosnia and HerzegovinaBIH,604.0
2010,52,FinlandFIN,584.0
2010,53,PeruPER,578.0
2010,54,MaliMLI,575.0
2010,55,TunisiaTUN,574.0
2010,56,Northern IrelandNIR,566.0
2010,57,HungaryHUN,565.0
2010,58,PolandPOL,561.0
2010,59,BelgiumBEL,541.0
2010,60,BeninBEN,531.0
2010,61,IR IranIRN,521.0
2010,61,FYR MacedoniaMKD,521.0
2010,63,CanadaCAN,516.0
2010,64,MontenegroMNE,500.0
2010,65,BoliviaBOL,499.0
2010,66,Saudi ArabiaKSA,498.0
2010,67,CyprusCYP,486.0
2010,68,AustriaAUT,479.0
2010,69,BahrainBHR,475.0
2010,70,MoroccoMAR,463.0
2010,71,ZambiaZAM,456.0
2010,72,El SalvadorSLV,452.0
2010,73,UgandaUGA,440.0
2010,74,PanamaPAN,434.0
2010,75,SenegalSEN,422.0
2010,76,TogoTOG,418.0
2010,77,WalesWAL,415.0
2010,78,New ZealandNZL,410.0
2010,79,AlbaniaALB,406.0
2010,80,IraqIRQ,405.0
2010,81,JamaicaJAM,399.0
2010,82,BelarusBLR,397.0
2010,83,South AfricaRSA,392.0
2010,84,China PRCHN,387.0
2010,85,MozambiqueMOZ,383.0
2010,86,MalawiMWI,382.0
2010,87,GuineaGUI,381.0
2010,88,AngolaANG,379.0
2010,89,MoldovaMDA,378.0
2010,90,IcelandISL,367.0
2010,91,OmanOMA,362.0
2010,91,HaitiHAI,362.0
2010,93,GambiaGAM,361.0
2010,94,UzbekistanUZB,354.0
2010,95,Trinidad and TobagoTRI,353.0
2010,96,QatarQAT,351.0
2010,97,KuwaitKUW,350.0
2010,98,SyriaSYR,343.0
2010,99,EstoniaEST,320.0
2010,100,ArmeniaARM,311.0
2010,101,United Arab EmiratesUAE,310.0
2010,102,LibyaLBY,309.0
2010,103,CongoCGO,308.0
2010,104,JordanJOR,300.0
2010,105,Korea DPRPRK,285.0
2010,106,ThailandTHA,276.0
2010,107,RwandaRWA,269.0
2010,108,TanzaniaTAN,261.0
2010,109,AzerbaijanAZE,259.0
2010,110,ZimbabweZIM,258.0
2010,111,NamibiaNAM,251.0
2010,112,YemenYEM,248.0
2010,113,KenyaKEN,243.0
2010,114,Cape Verde IslandsCPV,241.0
2010,114,GuatemalaGUA,241.0
2010,116,BotswanaBOT,236.0
2010,117,VietnamVIE,231.0
2010,118,SudanSDN,219.0
2010,119,Antigua and BarbudaATG,218.0
2010,120,GeorgiaGEO,217.0
2010,121,Congo DRCOD,215.0
2010,122,GuyanaGUY,205.0
2010,123,EthiopiaETH,200.0
2010,124,GrenadaGRN,198.0
2010,125,Faroe IslandsFRO,196.0
2010,126,CubaCUB,194.0
2010,127,LuxembourgLUX,193.0
2010,127,SingaporeSGP,193.0
2010,129,KazakhstanKAZ,183.0
2010,130,Sierra LeoneSLE,181.0
2010,131,SwazilandSWZ,171.0
2010,132,FijiFIJ,167.0
2010,133,IndiaIND,163.0
2010,134,BermudaBER,160.0
2010,135,BarbadosBRB,155.0
2010,135,TajikistanTJK,155.0
2010,137,SurinameSUR,153.0
2010,137,IndonesiaIDN,153.0
2010,139,TurkmenistanTKM,151.0
2010,140,Hong KongHKG,150.0
2010,141,Equatorial GuineaEQG,142.0
2010,142,MaldivesMDV,129.0
2010,143,ChadCHA,128.0
2010,144,BurundiBDI,127.0
2010,145,New CaledoniaNCL,126.0
2010,146,MalaysiaMAS,123.0
2010,147,MyanmarMYA,122.0
2010,148,MadagascarMAD,121.0
2010,149,LiechtensteinLIE,117.0
2010,150,LiberiaLBR,114.0
2010,151,St. Kitts and NevisSKN,113.0
2010,152,LesothoLES,109.0
2010,153,VanuatuVAN,108.0
2010,154,Netherlands AntillesANT,103.0
2010,155,EritreaERI,101.0
2010,155,NicaraguaNCA,101.0
2010,157,MaltaMLT,100.0
2010,157,BangladeshBAN,100.0
2010,159,Sri LankaSRI,99.0
2010,160,LebanonLIB,98.0
2010,161,NepalNEP,96.0
2010,162,NigerNIG,92.0
2010,163,St. Vincent / GrenadinesVIN,91.0
2010,164,MauritaniaMTN,81.0
2010,165,PakistanPAK,78.0
2010,166,Puerto RicoPUR,76.0
2010,167,Chinese TaipeiTPE,75.0
2010,168,Kyrgyz RepublicKGZ,74.0
2010,169,PhilippinesPHI,67.0
2010,170,Solomon IslandsSOL,60.0
2010,171,ComorosCOM,43.0
2010,172,MauritiusMRI,40.0
2010,173,SomaliaSOM,39.0
2010,173,LaosLAO,39.0
2010,173,Cayman IslandsCAY,39.0
2010,173,PalestinePLE,39.0
2010,177,SamoaSAM,38.0
2010,178,SeychellesSEY,37.0
2010,179,MongoliaMNG,36.0
2010,179,BelizeBLZ,36.0
2010,181,BahamasBAH,34.0
2010,181,Cook IslandsCOK,34.0
2010,183,DominicaDMA,33.0
2010,184,Turks and Caicos IslandsTCA,32.0
2010,185,CambodiaCAM,30.0
2010,186,TongaTGA,28.0
2010,187,Dominican RepublicDOM,26.0
2010,188,DjiboutiDJI,23.0
2010,189,Brunei DarussalamBRU,21.0
2010,189,AfghanistanAFG,21.0
2010,191,St. LuciaLCA,19.0
2010,191,Guinea-BissauGNB,19.0
2010,191,TahitiTAH,19.0
2010,194,British Virgin IslandsVGB,18.0
2010,195,GuamGUM,17.0
2010,196,BhutanBHU,15.0
2010,197,MacauMAC,14.0
2010,198,ArubaARU,11.0
2010,199,US Virgin IslandsVIR,5.0
2010,200,Timor-LesteTLS,4.0
2010,201,AndorraAND,2.0
2014,1,SpainESP,1485.0
2014,2,GermanyGER,1300.0
2014,3,BrazilBRA,1242.0
2014,4,PortugalPOR,1189.0
2014,5,ArgentinaARG,1175.0
2014,6,SwitzerlandSUI,1149.0
2014,7,UruguayURU,1147.0
2014,8,ColombiaCOL,1137.0
2014,9,ItalyITA,1104.0
2014,10,EnglandENG,1090.0
2014,11,BelgiumBEL,1074.0
2014,12,GreeceGRE,1064.0
2014,13,USAUSA,1035.0
2014,14,ChileCHI,1026.0
2014,15,NetherlandsNED,981.0
2014,16,UkraineUKR,915.0
2014,17,FranceFRA,913.0
2014,18,CroatiaCRO,903.0
2014,19,RussiaRUS,893.0
2014,20,MexicoMEX,882.0
2014,21,Bosnia and HerzegovinaBIH,873.0
2014,22,AlgeriaALG,858.0
2014,23,DenmarkDEN,809.0
2014,23,Côte d'IvoireCIV,809.0
2014,25,SloveniaSVN,800.0
2014,26,EcuadorECU,791.0
2014,27,ScotlandSCO,786.0
2014,28,Costa RicaCRC,762.0
2014,29,RomaniaROU,761.0
2014,30,SerbiaSRB,745.0
2014,31,PanamaPAN,743.0
2014,32,SwedenSWE,741.0
2014,33,HondurasHON,731.0
2014,34,Czech RepublicCZE,724.0
2014,35,TurkeyTUR,722.0
2014,36,EgyptEGY,715.0
2014,37,GhanaGHA,704.0
2014,38,ArmeniaARM,682.0
2014,39,Cape Verde IslandsCPV,674.0
2014,40,VenezuelaVEN,672.0
2014,41,WalesWAL,644.0
2014,42,AustriaAUT,643.0
2014,43,IR IranIRN,641.0
2014,44,NigeriaNGA,640.0
2014,45,PeruPER,627.0
2014,46,JapanJPN,626.0
2014,47,HungaryHUN,624.0
2014,48,TunisiaTUN,612.0
2014,49,SlovakiaSVK,591.0
2014,50,ParaguayPAR,575.0
2014,51,MontenegroMNE,574.0
2014,52,IcelandISL,566.0
2014,52,GuineaGUI,566.0
2014,54,Sierra LeoneSLE,565.0
2014,55,NorwayNOR,562.0
2014,56,CameroonCMR,558.0
2014,57,MaliMLI,547.0
2014,57,Korea RepublicKOR,547.0
2014,59,UzbekistanUZB,539.0
2014,60,Burkina FasoBFA,538.0
2014,61,FinlandFIN,532.0
2014,62,AustraliaAUS,526.0
2014,63,JordanJOR,510.0
2014,64,LibyaLBY,498.0
2014,65,South AfricaRSA,496.0
2014,66,AlbaniaALB,495.0
2014,67,BoliviaBOL,483.0
2014,68,El SalvadorSLV,481.0
2014,69,PolandPOL,474.0
2014,70,Republic of IrelandIRL,473.0
2014,71,Trinidad and TobagoTRI,470.0
2014,72,United Arab EmiratesUAE,460.0
2014,73,HaitiHAI,452.0
2014,74,SenegalSEN,451.0
2014,75,IsraelISR,444.0
2014,76,ZambiaZAM,441.0
2014,77,MoroccoMAR,439.0
2014,78,BulgariaBUL,425.0
2014,79,OmanOMA,420.0
2014,80,FYR MacedoniaMKD,419.0
2014,81,JamaicaJAM,411.0
2014,82,BelarusBLR,397.0
2014,83,AzerbaijanAZE,396.0
2014,84,Congo DRCOD,395.0
2014,85,CongoCGO,393.0
2014,86,UgandaUGA,390.0
2014,87,BeninBEN,386.0
2014,88,TogoTOG,383.0
2014,89,GabonGAB,382.0
2014,90,Northern IrelandNIR,381.0
2014,90,Saudi ArabiaKSA,381.0
2014,92,BotswanaBOT,375.0
2014,93,AngolaANG,364.0
2014,94,PalestinePLE,358.0
2014,95,CubaCUB,354.0
2014,96,GeorgiaGEO,349.0
2014,97,New ZealandNZL,347.0
2014,98,EstoniaEST,343.0
2014,99,ZimbabweZIM,340.0
2014,100,QatarQAT,339.0
2014,101,MoldovaMDA,334.0
2014,102,Equatorial GuineaEQG,333.0
2014,103,China PRCHN,331.0
2014,104,IraqIRQ,329.0
2014,105,Central African RepublicCTA,321.0
2014,106,LithuaniaLTU,319.0
2014,107,EthiopiaETH,317.0
2014,108,KenyaKEN,296.0
2014,109,LatviaLVA,293.0
2014,110,BahrainBHR,289.0
2014,110,CanadaCAN,289.0
2014,112,NigerNIG,284.0
2014,113,TanzaniaTAN,283.0
2014,114,NamibiaNAM,277.0
2014,115,KuwaitKUW,276.0
2014,116,LiberiaLBR,271.0
2014,116,RwandaRWA,271.0
2014,118,MozambiqueMOZ,269.0
2014,119,LuxembourgLUX,267.0
2014,120,SudanSDN,254.0
2014,120,ArubaARU,254.0
2014,122,MalawiMWI,247.0
2014,123,VietnamVIE,242.0
2014,124,KazakhstanKAZ,241.0
2014,125,LebanonLIB,233.0
2014,126,TajikistanTJK,229.0
2014,127,GuatemalaGUA,226.0
2014,128,BurundiBDI,221.0
2014,129,PhilippinesPHI,217.0
2014,130,AfghanistanAFG,215.0
2014,131,Dominican RepublicDOM,212.0
2014,132,MaltaMLT,204.0
2014,133,St. Vincent / GrenadinesVIN,203.0
2014,134,Guinea-BissauGNB,201.0
2014,134,ChadCHA,201.0
2014,136,SurinameSUR,197.0
2014,137,MauritaniaMTN,196.0
2014,137,St. LuciaLCA,196.0
2014,139,LesothoLES,194.0
2014,140,New CaledoniaNCL,190.0
2014,140,SyriaSYR,190.0
2014,142,CyprusCYP,189.0
2014,143,TurkmenistanTKM,183.0
2014,144,GrenadaGRN,182.0
2014,144,MadagascarMAD,182.0
2014,146,Korea DPRPRK,175.0
2014,147,MaldivesMDV,171.0
2014,148,GambiaGAM,166.0
2014,149,Kyrgyz RepublicKGZ,163.0
2014,149,ThailandTHA,163.0
2014,151,Antigua and BarbudaATG,158.0
2014,152,BelizeBLZ,152.0
2014,153,MalaysiaMAS,149.0
2014,154,IndiaIND,144.0
2014,155,SingaporeSGP,141.0
2014,156,GuyanaGUY,137.0
2014,157,IndonesiaIDN,135.0
2014,158,Puerto RicoPUR,134.0
2014,159,MyanmarMYA,133.0
2014,160,St. Kitts and NevisSKN,124.0
2014,161,TahitiTAH,122.0
2014,162,LiechtensteinLIE,118.0
2014,163,Hong KongHKG,112.0
2014,164,PakistanPAK,102.0
2014,164,NepalNEP,102.0
2014,166,MontserratMSR,99.0
2014,167,BangladeshBAN,98.0
2014,168,LaosLAO,97.0
2014,169,DominicaDMA,93.0
2014,170,BarbadosBRB,92.0
2014,171,Faroe IslandsFRO,89.0
2014,172,Sao Tome e PrincipeSTP,86.0
2014,173,SwazilandSWZ,85.0
2014,174,ComorosCOM,84.0
2014,175,BermudaBER,83.0
2014,176,NicaraguaNCA,78.0
2014,176,Chinese TaipeiTPE,78.0
2014,178,GuamGUM,77.0
2014,179,Sri LankaSRI,73.0
2014,180,Solomon IslandsSOL,70.0
2014,181,SeychellesSEY,66.0
2014,182,CuracaoCUW,65.0
2014,183,YemenYEM,61.0
2014,184,MauritiusMRI,57.0
2014,185,South SudanSSD,47.0
2014,186,BahamasBAH,40.0
2014,187,MongoliaMNG,35.0
2014,188,FijiFIJ,34.0
2014,189,SamoaSAM,32.0
2014,190,CambodiaCAM,28.0
2014,190,VanuatuVAN,28.0
2014,192,Brunei DarussalamBRU,26.0
2014,192,Timor-LesteTLS,26.0
2014,192,TongaTGA,26.0
2014,195,US Virgin IslandsVIR,23.0
2014,196,Cayman IslandsCAY,21.0
2014,196,Papua New GuineaPNG,21.0
2014,198,British Virgin IslandsVGB,18.0
2014,198,American SamoaASA,18.0
2014,200,AndorraAND,16.0
2014,201,EritreaERI,11.0
2014,202,SomaliaSOM,8.0
2014,202,MacauMAC,8.0
2014,204,DjiboutiDJI,6.0
2014,205,Cook IslandsCOK,5.0
2014,206,AnguillaAIA,3.0
2018,1,GermanyGER,1558.0
2018,2,BrazilBRA,1431.0
2018,3,BelgiumBEL,1298.0
2018,4,PortugalPOR,1274.0
2018,5,ArgentinaARG,1241.0
2018,6,SwitzerlandSUI,1199.0
2018,7,FranceFRA,1198.0
2018,8,PolandPOL,1183.0
2018,9,ChileCHI,1135.0
2018,10,SpainESP,1126.0
2018,11,PeruPER,1125.0
2018,12,DenmarkDEN,1051.0
2018,12,EnglandENG,1051.0
2018,14,UruguayURU,1018.0
2018,15,MexicoMEX,989.0
2018,16,ColombiaCOL,986.0
2018,17,NetherlandsNED,981.0
2018,18,WalesWAL,953.0
2018,19,ItalyITA,951.0
2018,20,CroatiaCRO,945.0
2018,21,TunisiaTUN,910.0
2018,22,IcelandISL,908.0
2018,23,Costa RicaCRC,884.0
2018,24,SwedenSWE,880.0
2018,25,USAUSA,873.0
2018,26,AustriaAUT,845.0
2018,27,SenegalSEN,838.0
2018,28,SlovakiaSVK,804.0
2018,29,Northern IrelandNIR,803.0
2018,30,RomaniaROU,782.0
2018,31,Republic of IrelandIRL,777.0
2018,32,ParaguayPAR,773.0
2018,33,VenezuelaVEN,755.0
2018,34,SerbiaSRB,751.0
2018,35,UkraineUKR,733.0
2018,36,AustraliaAUS,718.0
2018,37,IR IranIRN,708.0
2018,38,TurkeyTUR,706.0
2018,38,Congo DRCOD,706.0
2018,40,Bosnia and HerzegovinaBIH,693.0
2018,41,MoroccoMAR,686.0
2018,42,ScotlandSCO,660.0
2018,43,MontenegroMNE,652.0
2018,44,GreeceGRE,650.0
2018,45,EgyptEGY,649.0
2018,46,Czech RepublicCZE,641.0
2018,47,GhanaGHA,624.0
2018,48,NigeriaNGA,618.0
2018,49,BulgariaBUL,614.0
2018,49,CameroonCMR,614.0
2018,51,HungaryHUN,612.0
2018,52,Burkina FasoBFA,604.0
2018,53,NorwayNOR,596.0
2018,54,JamaicaJAM,588.0
2018,55,PanamaPAN,571.0
2018,56,SloveniaSVN,558.0
2018,57,Korea RepublicKOR,544.0
2018,58,AlbaniaALB,538.0
2018,59,BoliviaBOL,536.0
2018,60,EcuadorECU,524.0
2018,61,JapanJPN,521.0
2018,62,HondurasHON,503.0
2018,63,FinlandFIN,486.0
2018,64,MaliMLI,484.0
2018,65,Cape Verde IslandsCPV,478.0
2018,66,AlgeriaALG,474.0
2018,67,Saudi ArabiaKSA,465.0
2018,68,GuineaGUI,463.0
2018,68,Côte d'IvoireCIV,463.0
2018,70,RussiaRUS,457.0
2018,71,FYR MacedoniaMKD,451.0
2018,72,El SalvadorSLV,442.0
2018,73,SyriaSYR,440.0
2018,74,South AfricaRSA,428.0
2018,75,China PRCHN,423.0
2018,76,ZambiaZAM,420.0
2018,77,United Arab EmiratesUAE,418.0
2018,78,BelarusBLR,417.0
2018,79,LebanonLIB,411.0
2018,79,CanadaCAN,411.0
2018,81,CuracaoCUW,408.0
2018,82,UgandaUGA,403.0
2018,83,CongoCGO,393.0
2018,84,OmanOMA,391.0
2018,85,LuxembourgLUX,390.0
2018,85,GabonGAB,390.0
2018,87,CyprusCYP,384.0
2018,88,BeninBEN,379.0
2018,89,IraqIRQ,377.0
2018,90,Faroe IslandsFRO,376.0
2018,91,Trinidad and TobagoTRI,370.0
2018,92,Kyrgyz RepublicKGZ,363.0
2018,93,IsraelISR,362.0
2018,94,EstoniaEST,359.0
2018,95,UzbekistanUZB,354.0
2018,96,GeorgiaGEO,352.0
2018,97,IndiaIND,350.0
2018,98,QatarQAT,348.0
2018,99,PalestinePLE,347.0
2018,100,ArmeniaARM,338.0
2018,101,LibyaLBY,336.0
2018,102,VietnamVIE,334.0
2018,103,NigerNIG,323.0
2018,104,HaitiHAI,322.0
2018,105,AzerbaijanAZE,321.0
2018,106,MadagascarMAD,308.0
2018,107,MauritaniaMTN,304.0
2018,108,Korea DPRPRK,303.0
2018,108,Central African RepublicCTA,303.0
2018,110,JordanJOR,296.0
2018,111,Sierra LeoneSLE,292.0
2018,112,KenyaKEN,291.0
2018,113,BahrainBHR,289.0
2018,114,MozambiqueMOZ,282.0
2018,115,PhilippinesPHI,280.0
2018,116,NamibiaNAM,277.0
2018,117,KazakhstanKAZ,273.0
2018,118,ZimbabweZIM,265.0
2018,119,TajikistanTJK,264.0
2018,120,New ZealandNZL,256.0
2018,121,Guinea-BissauGNB,255.0
2018,122,ThailandTHA,248.0
2018,123,Chinese TaipeiTPE,247.0
2018,123,MalawiMWI,247.0
2018,125,TogoTOG,241.0
2018,126,Antigua and BarbudaATG,239.0
2018,126,LithuaniaLTU,239.0
2018,128,SudanSDN,232.0
2018,129,LatviaLVA,230.0
2018,130,TurkmenistanTKM,229.0
2018,130,AndorraAND,229.0
2018,132,NicaraguaNCA,228.0
2018,133,YemenYEM,227.0
2018,134,SwazilandSWZ,222.0
2018,135,St. Kitts and NevisSKN,218.0
2018,136,RwandaRWA,216.0
2018,137,AngolaANG,209.0
2018,138,MyanmarMYA,206.0
2018,139,BotswanaBOT,205.0
2018,140,TanzaniaTAN,200.0
2018,141,KosovoKOS,197.0
2018,142,Hong KongHKG,195.0
2018,143,Equatorial GuineaEQG,190.0
2018,143,Solomon IslandsSOL,190.0
2018,145,AfghanistanAFG,188.0
2018,146,GuatemalaGUA,180.0
2018,147,LesothoLES,175.0
2018,148,BurundiBDI,174.0
2018,149,ComorosCOM,172.0
2018,150,MaldivesMDV,171.0
2018,151,EthiopiaETH,166.0
2018,152,Dominican RepublicDOM,162.0
2018,153,SurinameSUR,154.0
2018,154,New CaledoniaNCL,150.0
2018,155,MauritiusMRI,140.0
2018,156,South SudanSSD,132.0
2018,157,TahitiTAH,130.0
2018,158,LiberiaLBR,129.0
2018,159,KuwaitKUW,128.0
2018,160,BarbadosBRB,127.0
2018,161,NepalNEP,118.0
2018,162,VanuatuVAN,117.0
2018,163,BelizeBLZ,115.0
2018,164,IndonesiaIDN,111.0
2018,165,FijiFIJ,104.0
2018,166,Papua New GuineaPNG,103.0
2018,166,CambodiaCAM,103.0
2018,168,GrenadaGRN,102.0
2018,169,SingaporeSGP,99.0
2018,170,St. LuciaLCA,95.0
2018,171,MalaysiaMAS,93.0
2018,172,GambiaGAM,92.0
2018,173,Puerto RicoPUR,89.0
2018,173,St. Vincent / GrenadinesVIN,89.0
2018,175,ChadCHA,88.0
2018,175,MoldovaMDA,88.0
2018,177,DominicaDMA,86.0
2018,178,LaosLAO,82.0
2018,178,BermudaBER,82.0
2018,180,LiechtensteinLIE,80.0
2018,181,CubaCUB,75.0
2018,182,GuyanaGUY,73.0
2018,183,BhutanBHU,68.0
2018,184,MaltaMLT,65.0
2018,185,MacauMAC,60.0
2018,186,MongoliaMNG,51.0
2018,186,Sao Tome e PrincipeSTP,51.0
2018,188,SeychellesSEY,48.0
2018,188,ArubaARU,48.0
2018,190,GuamGUM,45.0
2018,190,Timor-LesteTLS,45.0
2018,192,American SamoaASA,38.0
2018,192,Cook IslandsCOK,38.0
2018,194,BangladeshBAN,35.0
2018,195,GibraltarGIB,34.0
2018,195,Brunei DarussalamBRU,34.0
2018,197,SamoaSAM,32.0
2018,197,DjiboutiDJI,32.0
2018,199,US Virgin IslandsVIR,18.0
2018,200,Sri LankaSRI,17.0
2018,201,PakistanPAK,10.0
2018,202,Cayman IslandsCAY,9.0
2018,203,San MarinoSMR,8.0
2018,204,MontserratMSR,4.0
2018,204,British Virgin IslandsVGB,4.0
2022,1,BrazilBRA,1841.3
2022,2,BelgiumBEL,1816.71
2022,3,ArgentinaARG,1773.88
2022,4,FranceFRA,1759.78
2022,5,EnglandENG,1728.47
2022,6,ItalyITA,1726.14
2022,7,SpainESP,1715.22
2022,8,NetherlandsNED,1694.51
2022,9,PortugalPOR,1676.56
2022,10,DenmarkDEN,1666.57
2022,11,GermanyGER,1650.21
2022,12,CroatiaCRO,1645.64
2022,13,MexicoMEX,1644.89
2022,14,UruguayURU,1638.71
2022,15,SwitzerlandSUI,1635.92
2022,16,USAUSA,1627.48
2022,17,ColombiaCOL,1611.04
2022,18,SenegalSEN,1584.38
2022,19,WalesWAL,1569.82
2022,20,IR IranIRN,1564.61
2022,21,SerbiaSRB,1563.62
2022,22,MoroccoMAR,1563.5
2022,23,PeruPER,1561.01
2022,24,JapanJPN,1559.54
2022,25,SwedenSWE,1553.33
2022,26,PolandPOL,1548.59
2022,27,UkraineUKR,1536.99
2022,28,Korea RepublicKOR,1530.3
2022,29,ChileCHI,1509.61
2022,30,TunisiaTUN,1507.54
2022,31,Costa RicaCRC,1503.59
2022,32,NigeriaNGA,1498.47
2022,33,RussiaRUS,1496.11
2022,34,AustriaAUT,1492.95
2022,35,CzechiaCZE,1492.21
2022,36,HungaryHUN,1492.2
2022,37,AlgeriaALG,1489.1
2022,38,AustraliaAUS,1488.72
2022,39,EgyptEGY,1486.44
2022,40,ScotlandSCO,1479.53
2022,41,CanadaCAN,1475.0
2022,42,NorwayNOR,1473.04
2022,43,CameroonCMR,1471.44
2022,44,EcuadorECU,1464.39
2022,45,TürkiyeTUR,1460.14
2022,46,MaliMLI,1448.85
2022,47,ParaguayPAR,1448.77
2022,48,Côte d'IvoireCIV,1443.06
2022,49,Republic of IrelandIRL,1440.19
2022,50,QatarQAT,1439.89
2022,51,Saudi ArabiaKSA,1437.78
2022,52,GreeceGRE,1437.6
2022,53,RomaniaROU,1434.68
2022,54,Burkina FasoBFA,1432.25
2022,55,SlovakiaSVK,1425.59
2022,56,FinlandFIN,1405.6
2022,57,VenezuelaVEN,1404.37
2022,58,Bosnia and HerzegovinaBIH,1403.51
2022,59,Northern IrelandNIR,1396.55
2022,60,PanamaPAN,1393.28
2022,61,GhanaGHA,1393.0
2022,62,IcelandISL,1384.41
2022,63,SloveniaSVN,1384.04
2022,64,JamaicaJAM,1378.86
2022,65,North MacedoniaMKD,1358.51
2022,66,AlbaniaALB,1354.11
2022,67,South AfricaRSA,1349.59
2022,68,IraqIRQ,1343.01
2022,69,MontenegroMNE,1341.03
2022,70,United Arab EmiratesUAE,1337.57
2022,71,Cabo VerdeCPV,1336.05
2022,72,BulgariaBUL,1335.36
2022,73,Congo DRCOD,1333.92
2022,74,El SalvadorSLV,1330.51
2022,75,OmanOMA,1320.29
2022,76,IsraelISR,1316.55
2022,77,UzbekistanUZB,1309.98
2022,78,GeorgiaGEO,1307.34
2022,79,China PRCHN,1305.06
2022,80,HondurasHON,1301.98
2022,81,GabonGAB,1301.84
2022,82,BoliviaBOL,1296.28
2022,83,GuineaGUI,1290.47
2022,84,JordanJOR,1289.99
2022,85,BahrainBHR,1280.64
2022,86,CuraçaoCUW,1278.64
2022,87,HaitiHAI,1269.07
2022,88,ZambiaZAM,1267.41
2022,89,UgandaUGA,1260.69
2022,90,SyriaSYR,1255.92
2022,91,BeninBEN,1247.47
2022,92,LuxembourgLUX,1243.8
2022,93,ArmeniaARM,1233.93
2022,94,PalestinePLE,1233.72
2022,95,Kyrgyz RepublicKGZ,1230.22
2022,96,VietnamVIE,1226.65
2022,97,BelarusBLR,1221.06
2022,98,Equatorial GuineaEQG,1215.66
2022,99,LebanonLBN,1211.71
2022,100,CongoCGO,1208.79
2022,101,KenyaKEN,1202.26
2022,102,MadagascarMAD,1200.74
2022,103,MauritaniaMTN,1197.58
2022,104,Trinidad and TobagoTRI,1195.29
2022,105,New ZealandNZL,1193.98
2022,106,IndiaIND,1192.09
2022,107,KosovoKOS,1187.01
2022,108,TajikistanTJK,1185.7
2022,109,EstoniaEST,1184.64
2022,110,CyprusCYP,1183.82
2022,111,ThailandTHA,1174.92
2022,112,Korea DPRPRK,1169.96
2022,113,KazakhstanKAZ,1166.63
2022,114,MozambiqueMOZ,1165.22
2022,115,NamibiaNAM,1164.13
2022,116,Guinea-BissauGNB,1160.71
2022,117,Sierra LeoneSLE,1160.31
2022,118,GuatemalaGUA,1156.7
2022,119,AngolaANG,1155.9
2022,120,LibyaLBY,1154.25
2022,121,NigerNIG,1152.8
2022,122,Faroe IslandsFRO,1147.17
2022,123,AzerbaijanAZE,1146.72
2022,124,MalawiMWI,1144.97
2022,125,ZimbabweZIM,1138.56
2022,126,The GambiaGAM,1137.47
2022,127,TogoTOG,1128.92
2022,128,SudanSDN,1127.34
2022,129,ComorosCOM,1123.18
2022,130,TanzaniaTAN,1119.89
2022,131,Antigua and BarbudaATG,1117.01
2022,132,Central African RepublicCTA,1116.97
2022,133,PhilippinesPHI,1115.13
2022,134,LatviaLVA,1114.21
2022,135,TurkmenistanTKM,1100.47
2022,136,Solomon IslandsSOL,1095.7
2022,137,RwandaRWA,1093.66
2022,138,EthiopiaETH,1091.19
2022,139,SurinameSUR,1077.3
2022,140,St Kitts and NevisSKN,1076.91
2022,141,BurundiBDI,1076.26
2022,142,NicaraguaNCA,1071.83
2022,143,EswatiniSWZ,1070.89
2022,144,LithuaniaLTU,1069.75
2022,145,Hong KongHKG,1062.39
2022,146,MalaysiaMAS,1062.32
2022,147,LesothoLES,1061.4
2022,148,BotswanaBOT,1056.46
2022,149,KuwaitKUW,1053.41
2022,150,LiberiaLBR,1049.66
2022,151,AndorraAND,1035.2
2022,152,IndonesiaIDN,1033.9
2022,153,Dominican RepublicDOM,1031.86
2022,154,MaldivesMDV,1026.09
2022,155,YemenYEM,1023.52
2022,156,AfghanistanAFG,1023.04
2022,157,Chinese TaipeiTPE,1017.78
2022,158,MyanmarMYA,1007.89
2022,159,Papua New GuineaPNG,1007.46
2022,160,SingaporeSGP,1003.5
2022,161,New CaledoniaNCL,995.58
2022,162,TahitiTAH,995.11
2022,163,FijiFIJ,989.43
2022,164,VanuatuVAN,985.62
2022,165,South SudanSSD,983.99
2022,166,BarbadosBRB,982.27
2022,167,CubaCUB,978.65
2022,168,MaltaMLT,977.92
2022,169,BermudaBER,977.47
2022,170,Puerto RicoPUR,974.32
2022,171,GuyanaGUY,968.74
2022,172,St LuciaLCA,965.66
2022,173,GrenadaGRN,963.72
2022,174,MoldovaMDA,961.23
2022,175,NepalNEP,954.86
2022,176,BelizeBLZ,950.88
2022,177,CambodiaCAM,948.62
2022,178,St Vincent and the GrenadinesVIN,945.25
2022,179,MontserratMSR,940.78
2022,180,MauritiusMRI,932.02
2022,181,ChadCHA,930.22
2022,182,MacauMAC,922.1
2022,183,MongoliaMNG,913.55
2022,184,DominicaDMA,911.51
2022,185,BhutanBHU,910.96
2022,186,São Tomé and PríncipeSTP,908.18
2022,187,LaosLAO,905.51
2022,188,American SamoaASA,900.27
2022,189,Cook IslandsCOK,899.33
2022,190,Brunei DarussalamBRU,898.41
2022,191,SamoaSAM,894.26
2022,192,BangladeshBAN,884.45
2022,193,DjiboutiDJI,875.05
2022,194,PakistanPAK,866.81
2022,195,Cayman IslandsCAY,865.72
2022,196,LiechtensteinLIE,862.39
2022,197,TongaTGA,861.81
2022,198,Timor-LesteTLS,860.06
2022,199,SeychellesSEY,859.56
2022,200,EritreaERI,855.56
2022,201,ArubaARU,855.37
2022,202,BahamasBAH,854.8
2022,203,SomaliaSOM,854.72
2022,204,GibraltarGIB,852.16
2022,205,GuamGUM,838.33
2022,206,Turks and Caicos IslandsTCA,832.0
2022,207,Sri LankaSRI,825.25
2022,208,US Virgin IslandsVIR,823.97
2022,209,British Virgin IslandsVGB,809.32
2022,210,AnguillaAIA,790.74
2022,211,San MarinoSMR,762.22
