,WorldCup,RK,code,Team,PTS
0,1994,1,GER,Germany,60.0
1,1994,2,NED,Netherlands,59.0
2,1994,3,BRA,Brazil,59.0
3,1994,4,ITA,Italy,57.0
4,1994,5,ESP,Spain,56.0
5,1994,6,NOR,Norway,56.0
6,1994,7,ROU,Romania,55.0
7,1994,8,ARG,Argentina,55.0
8,1994,9,DEN,Denmark,55.0
9,1994,10,SWE,Sweden,55.0
10,1994,11,NGA,Nigeria,54.0
11,1994,12,SUI,Switzerland,54.0
12,1994,13,FRA,France,53.0
13,1994,14,IRL,Republic of Ireland,53.0
14,1994,15,ENG,England,52.0
15,1994,16,MEX,Mexico,51.0
16,1994,17,COL,Colombia,51.0
17,1994,18,URU,Uruguay,50.0
18,1994,19,RUS,Russia,50.0
19,1994,20,ZAM,Zambia,49.0
20,1994,21,CIV,Côte d'Ivoire,47.0
21,1994,22,POR,Portugal,47.0
22,1994,23,USA,USA,47.0
23,1994,24,CMR,Cameroon,46.0
24,1994,25,EGY,Egypt,45.0
25,1994,26,GHA,Ghana,44.0
26,1994,27,BEL,Belgium,44.0
27,1994,28,MAR,Morocco,44.0
28,1994,29,BUL,Bulgaria,44.0
29,1994,30,TUN,Tunisia,42.0
30,1994,31,GRE,Greece,41.0
31,1994,32,POL,Poland,41.0
32,1994,33,SCO,Scotland,40.0
33,1994,34,KSA,Saudi Arabia,40.0
34,1994,35,WAL,Wales,39.0
35,1994,36,AUT,Austria,38.0
36,1994,37,KOR,Korea Republic,38.0
37,1994,38,ISL,Iceland,38.0
38,1994,39,ECU,Ecuador,37.0
39,1994,40,CHI,Chile,37.0
40,1994,41,NIR,Northern Ireland,37.0
41,1994,42,ZIM,Zimbabwe,35.0
42,1994,43,BOL,Bolivia,35.0
43,1994,44,SVK,Slovakia,35.0
44,1994,45,CZE,Czech Republic,35.0
45,1994,46,FIN,Finland,35.0
46,1994,47,AUS,Australia,34.0
47,1994,48,ALG,Algeria,34.0
48,1994,49,MLI,Mali,34.0
49,1994,50,HON,Honduras,34.0
50,1994,51,CRC,Costa Rica,34.0
51,1994,52,JPN,Japan,33.0
52,1994,53,ISR,Israel,32.0
53,1994,54,CAN,Canada,31.0
54,1994,55,SEN,Senegal,31.0
55,1994,56,HUN,Hungary,31.0
56,1994,57,TUR,Turkey,31.0
57,1994,58,IRN,IR Iran,30.0
58,1994,59,CHN,China PR,29.0
59,1994,60,PAR,Paraguay,28.0
60,1994,61,GUI,Guinea,26.0
61,1994,62,UAE,United Arab Emirates,26.0
62,1994,63,ZAI,Zaire,26.0
63,1994,64,GAB,Gabon,26.0
64,1994,65,IRQ,Iraq,26.0
65,1994,66,SLE,Sierra Leone,24.0
66,1994,67,PER,Peru,24.0
67,1994,68,SLV,El Salvador,23.0
68,1994,69,QAT,Qatar,23.0
69,1994,70,JAM,Jamaica,23.0
70,1994,71,PRK,Korea DPR,23.0
71,1994,72,MLT,Malta,22.0
72,1994,73,CYP,Cyprus,22.0
73,1994,74,KUW,Kuwait,22.0
74,1994,75,THA,Thailand,22.0
75,1994,76,RSA,South Africa,21.0
76,1994,77,OMA,Oman,21.0
77,1994,78,YUG,Yugoslavia,21.0
78,1994,79,SVN,Slovenia,21.0
79,1994,80,MWI,Malawi,21.0
80,1994,81,NIG,Niger,21.0
81,1994,82,KEN,Kenya,20.0
82,1994,83,UKR,Ukraine,20.0
83,1994,84,TRI,Trinidad and Tobago,20.0
84,1994,85,LVA,Latvia,19.0
85,1994,86,SYR,Syria,19.0
86,1994,87,SGP,Singapore,19.0
87,1994,88,LTU,Lithuania,19.0
88,1994,89,BER,Bermuda,17.0
89,1994,90,NZL,New Zealand,17.0
90,1994,91,CRO,Croatia,17.0
91,1994,92,BHR,Bahrain,15.0
92,1994,93,SUR,Suriname,15.0
93,1994,94,VEN,Venezuela,15.0
94,1994,95,MAS,Malaysia,15.0
95,1994,96,JOR,Jordan,15.0
96,1994,97,FIJ,Fiji,14.0
97,1994,98,BRB,Barbados,14.0
98,1994,99,TAN,Tanzania,14.0
99,1994,100,SWZ,Eswatini,13.0
100,1994,101,UGA,Uganda,13.0
101,1994,102,BFA,Burkina Faso,13.0
102,1994,103,YEM,Yemen,13.0
103,1994,104,ALB,Albania,13.0
104,1994,105,IND,India,13.0
105,1994,106,MAD,Madagascar,13.0
106,1994,107,PUR,Puerto Rico,12.0
107,1994,108,MOZ,Mozambique,12.0
108,1994,109,HKG,Hong Kong,12.0
109,1994,110,GAM,Gambia,12.0
110,1994,111,BDI,Burundi,12.0
111,1994,112,EST,Estonia,12.0
112,1994,113,CGO,Congo,11.0
113,1994,114,ETH,Ethiopia,11.0
114,1994,115,MYA,Myanmar,10.0
115,1994,116,GNB,Guinea-Bissau,10.0
116,1994,117,LUX,Luxembourg,10.0
117,1994,118,MKD,FYR Macedonia,10.0
118,1994,119,LBN,Lebanon,10.0
119,1994,120,IDN,Indonesia,9.0
120,1994,121,ATG,Antigua and Barbuda,9.0
121,1994,122,HAI,Haiti,9.0
122,1994,123,TOG,Togo,9.0
123,1994,124,ANG,Angola,9.0
124,1994,125,FRO,Faroe Islands,8.0
125,1994,126,GEO,Georgia,8.0
126,1994,127,SRI,Sri Lanka,8.0
127,1994,128,NEP,Nepal,8.0
128,1994,129,SDN,Sudan,8.0
129,1994,130,BAN,Bangladesh,8.0
130,1994,131,PAN,Panama,7.0
131,1994,132,SMR,San Marino,7.0
132,1994,133,GRN,Grenada,7.0
133,1994,134,GUA,Guatemala,7.0
134,1994,135,VIN,St. Vincent and the Grenadines,7.0
135,1994,136,LBR,Liberia,6.0
136,1994,138,BEN,Benin,6.0
137,1994,139,MRI,Mauritius,5.0
138,1994,140,TAH,Tahiti,5.0
139,1994,141,CAY,Cayman Islands,4.0
140,1994,142,BLR,Belarus,4.0
141,1994,143,VIE,Vietnam,4.0
142,1994,144,LES,Lesotho,4.0
143,1994,145,GUY,Guyana,4.0
144,1994,146,LCA,St. Lucia,4.0
145,1994,147,PAK,Pakistan,4.0
146,1994,148,BOT,Botswana,3.0
147,1994,149,MDA,Moldova,3.0
148,1994,150,MTN,Mauritania,3.0
149,1994,151,LIE,Liechtenstein,2.0
150,1994,152,MDV,Maldives,2.0
151,1994,153,CPV,Cape Verde Islands,2.0
152,1994,154,LAO,Laos,2.0
153,1994,155,SOL,Solomon Islands,2.0
154,1994,156,DOM,Dominican Republic,1.0
155,1994,157,LBY,Libya,1.0
156,1994,158,BRU,Brunei Darussalam,1.0
157,1994,159,ARM,Armenia,1.0
158,1994,160,NCA,Nicaragua,1.0
159,1998,1,BRA,Brazil,72.0
160,1998,2,GER,Germany,65.0
161,1998,3,CZE,Czech Republic,65.0
162,1998,4,MEX,Mexico,61.0
163,1998,5,ENG,England,60.0
164,1998,6,ARG,Argentina,60.0
165,1998,7,NOR,Norway,60.0
166,1998,8,YUG,Yugoslavia,59.0
167,1998,9,CHI,Chile,59.0
168,1998,10,COL,Colombia,58.0
169,1998,11,USA,USA,58.0
170,1998,12,JPN,Japan,58.0
171,1998,13,MAR,Morocco,57.0
172,1998,14,ITA,Italy,57.0
173,1998,15,ESP,Spain,56.0
174,1998,16,RUS,Russia,56.0
175,1998,17,EGY,Egypt,56.0
176,1998,18,FRA,France,56.0
177,1998,19,CRO,Croatia,56.0
178,1998,20,KOR,Korea Republic,55.0
179,1998,21,TUN,Tunisia,55.0
180,1998,22,ROU,Romania,55.0
181,1998,23,ZAM,Zambia,55.0
182,1998,24,RSA,South Africa,55.0
183,1998,25,NED,Netherlands,54.0
184,1998,26,ECU,Ecuador,53.0
185,1998,27,DEN,Denmark,53.0
186,1998,28,SWE,Sweden,53.0
187,1998,29,PAR,Paraguay,52.0
188,1998,30,JAM,Jamaica,52.0
189,1998,31,AUT,Austria,52.0
190,1998,32,AUS,Australia,52.0
191,1998,33,BOL,Bolivia,51.0
192,1998,34,KSA,Saudi Arabia,51.0
193,1998,35,BUL,Bulgaria,50.0
194,1998,36,BEL,Belgium,50.0
195,1998,37,PER,Peru,50.0
196,1998,38,URU,Uruguay,50.0
197,1998,39,POR,Portugal,49.0
198,1998,40,SVK,Slovakia,49.0
199,1998,41,SCO,Scotland,48.0
200,1998,42,IRN,IR Iran,48.0
201,1998,43,KUW,Kuwait,47.0
202,1998,44,CIV,Côte d'Ivoire,47.0
203,1998,45,LTU,Lithuania,47.0
204,1998,46,IRL,Republic of Ireland,46.0
205,1998,47,ISR,Israel,46.0
206,1998,48,TRI,Trinidad and Tobago,45.0
207,1998,49,CMR,Cameroon,45.0
208,1998,50,THA,Thailand,45.0
209,1998,51,CHN,China PR,45.0
210,1998,52,GEO,Georgia,45.0
211,1998,53,TUR,Turkey,45.0
212,1998,54,POL,Poland,44.0
213,1998,55,GRE,Greece,44.0
214,1998,56,ANG,Angola,44.0
215,1998,57,ALG,Algeria,43.0
216,1998,58,CRC,Costa Rica,43.0
217,1998,59,UAE,United Arab Emirates,43.0
218,1998,60,GUI,Guinea,43.0
219,1998,61,FIN,Finland,42.0
220,1998,62,HUN,Hungary,42.0
221,1998,63,ZAI,Zaire,41.0
222,1998,64,UKR,Ukraine,40.0
223,1998,65,GHA,Ghana,40.0
224,1998,66,MLI,Mali,40.0
225,1998,67,BFA,Burkina Faso,39.0
226,1998,68,SLV,El Salvador,39.0
227,1998,69,MOZ,Mozambique,39.0
228,1998,70,QAT,Qatar,38.0
229,1998,71,MKD,FYR Macedonia,38.0
230,1998,72,ISL,Iceland,37.0
231,1998,73,TOG,Togo,37.0
232,1998,74,NGA,Nigeria,37.0
233,1998,75,GUA,Guatemala,37.0
234,1998,76,NAM,Namibia,37.0
235,1998,77,CAN,Canada,36.0
236,1998,78,SEN,Senegal,36.0
237,1998,79,GAB,Gabon,36.0
238,1998,80,UZB,Uzbekistan,36.0
239,1998,81,SUI,Switzerland,36.0
240,1998,82,LVA,Latvia,36.0
241,1998,83,CYP,Cyprus,36.0
242,1998,84,ZIM,Zimbabwe,35.0
243,1998,85,IRQ,Iraq,34.0
244,1998,86,HON,Honduras,34.0
245,1998,87,OMA,Oman,34.0
246,1998,88,CUB,Cuba,33.0
247,1998,89,IDN,Indonesia,33.0
248,1998,90,NIR,Northern Ireland,33.0
249,1998,91,SLE,Sierra Leone,33.0
250,1998,92,SYR,Syria,31.0
251,1998,93,KEN,Kenya,31.0
252,1998,94,SVN,Slovenia,31.0
253,1998,95,TAN,Tanzania,31.0
254,1998,96,LBN,Lebanon,30.0
255,1998,97,MWI,Malawi,30.0
256,1998,98,LBR,Liberia,29.0
257,1998,99,MAS,Malaysia,29.0
258,1998,100,VIE,Vietnam,29.0
259,1998,101,ALB,Albania,29.0
260,1998,102,BIH,Bosnia and Herzegovina,28.0
261,1998,103,WAL,Wales,28.0
262,1998,104,EST,Estonia,28.0
263,1998,105,GRN,Grenada,27.0
264,1998,106,SGP,Singapore,27.0
265,1998,107,KAZ,Kazakhstan,26.0
266,1998,108,BRB,Barbados,26.0
267,1998,109,CGO,Congo,25.0
268,1998,110,HAI,Haiti,25.0
269,1998,111,ARM,Armenia,25.0
270,1998,112,BLR,Belarus,24.0
271,1998,113,SDN,Sudan,24.0
272,1998,114,VEN,Venezuela,24.0
273,1998,115,IND,India,24.0
274,1998,116,UGA,Uganda,24.0
275,1998,117,NZL,New Zealand,23.0
276,1998,118,MYA,Myanmar,23.0
277,1998,119,TJK,Tajikistan,22.0
278,1998,120,GAM,Gambia,22.0
279,1998,121,FRO,Faroe Islands,22.0
280,1998,122,SKN,St. Kitts and Nevis,21.0
281,1998,123,AZE,Azerbaijan,21.0
282,1998,124,MLT,Malta,20.0
283,1998,125,JOR,Jordan,20.0
284,1998,126,VIN,St. Vincent and the Grenadines,20.0
285,1998,127,PAN,Panama,20.0
286,1998,128,MTN,Mauritania,19.0
287,1998,129,SRI,Sri Lanka,19.0
288,1998,130,DMA,Dominica,18.0
289,1998,131,ETH,Ethiopia,17.0
290,1998,132,BEN,Benin,17.0
291,1998,133,LCA,St. Lucia,17.0
292,1998,134,BHR,Bahrain,17.0
293,1998,135,YEM,Yemen,16.0
294,1998,136,LES,Lesotho,16.0
295,1998,137,SOL,Solomon Islands,16.0
296,1998,138,MDA,Moldova,16.0
297,1998,139,HKG,Hong Kong,16.0
298,1998,140,TKM,Turkmenistan,16.0
299,1998,141,KGZ,Kyrgyz Republic,15.0
300,1998,142,DOM,Dominican Republic,15.0
301,1998,143,LUX,Luxembourg,14.0
302,1998,144,ATG,Antigua and Barbuda,14.0
303,1998,145,LAO,Laos,14.0
304,1998,146,SUR,Suriname,13.0
305,1998,147,SWZ,Eswatini,13.0
306,1998,148,LBY,Libya,12.0
307,1998,149,BAN,Bangladesh,12.0
308,1998,151,FIJ,Fiji,11.0
309,1998,152,GNB,Guinea-Bissau,11.0
310,1998,153,GUY,Guyana,11.0
311,1998,154,BOT,Botswana,10.0
312,1998,155,NIG,Niger,10.0
313,1998,156,PAK,Pakistan,9.0
314,1998,157,MRI,Mauritius,9.0
315,1998,158,BDI,Burundi,8.0
316,1998,159,CAM,Cambodia,8.0
317,1998,160,MDV,Maldives,8.0
318,1998,161,MAC,Macau,7.0
319,1998,162,TPE,Chinese Taipei,7.0
320,1998,163,TAH,Tahiti,7.0
321,1998,164,CPV,Cape Verde Islands,7.0
322,1998,165,LIE,Liechtenstein,7.0
323,1998,166,NEP,Nepal,7.0
324,1998,167,CAY,Cayman Islands,6.0
325,1998,168,PNG,Papua New Guinea,6.0
326,1998,169,MAD,Madagascar,6.0
327,1998,170,PRK,Korea DPR,5.0
328,1998,171,PUR,Puerto Rico,5.0
329,1998,172,RWA,Rwanda,5.0
330,1998,173,ARU,Aruba,5.0
331,1998,174,PHI,Philippines,4.0
332,1998,175,TGA,Tonga,4.0
333,1998,176,SMR,San Marino,4.0
334,1998,177,BRU,Brunei Darussalam,3.0
335,1998,178,BLZ,Belize,3.0
336,1998,179,VGB,British Virgin Islands,2.0
337,1998,180,SEY,Seychelles,2.0
338,1998,181,SAM,Samoa,2.0
339,1998,182,CHA,Chad,2.0
340,1998,183,BER,Bermuda,2.0
341,1998,184,NCA,Nicaragua,2.0
342,1998,185,AND,Andorra,2.0
343,1998,186,VAN,Vanuatu,1.0
344,1998,187,SOM,Somalia,1.0
345,1998,188,CTA,Central African Republic,1.0
346,2002,1,FRA,France,802.0
347,2002,2,BRA,Brazil,784.0
348,2002,3,ARG,Argentina,784.0
349,2002,4,COL,Colombia,728.0
350,2002,5,POR,Portugal,726.0
351,2002,6,ITA,Italy,717.0
352,2002,7,MEX,Mexico,716.0
353,2002,8,ESP,Spain,713.0
354,2002,9,NED,Netherlands,703.0
355,2002,10,YUG,Yugoslavia,702.0
356,2002,11,GER,Germany,695.0
357,2002,12,ENG,England,694.0
358,2002,13,USA,USA,690.0
359,2002,14,ROU,Romania,675.0
360,2002,15,IRL,Republic of Ireland,674.0
361,2002,16,CZE,Czech Republic,674.0
362,2002,17,CMR,Cameroon,672.0
363,2002,18,PAR,Paraguay,671.0
364,2002,19,SWE,Sweden,665.0
365,2002,20,DEN,Denmark,657.0
366,2002,21,CRO,Croatia,655.0
367,2002,22,TUR,Turkey,654.0
368,2002,23,BEL,Belgium,653.0
369,2002,24,URU,Uruguay,652.0
370,2002,25,SVN,Slovenia,649.0
371,2002,26,HON,Honduras,647.0
372,2002,27,NGA,Nigeria,644.0
373,2002,28,RUS,Russia,644.0
374,2002,29,CRC,Costa Rica,643.0
375,2002,30,IRN,IR Iran,635.0
376,2002,31,TUN,Tunisia,635.0
377,2002,32,JPN,Japan,634.0
378,2002,33,NOR,Norway,631.0
379,2002,34,KSA,Saudi Arabia,627.0
380,2002,35,TRI,Trinidad and Tobago,624.0
381,2002,36,ECU,Ecuador,624.0
382,2002,37,RSA,South Africa,623.0
383,2002,38,POL,Poland,615.0
384,2002,39,MAR,Morocco,612.0
385,2002,40,KOR,Korea Republic,603.0
386,2002,41,FIN,Finland,600.0
387,2002,42,SEN,Senegal,599.0
388,2002,43,EGY,Egypt,598.0
389,2002,44,UKR,Ukraine,593.0
390,2002,45,CHI,Chile,590.0
391,2002,46,CIV,Côte d'Ivoire,580.0
392,2002,47,PER,Peru,578.0
393,2002,48,AUS,Australia,575.0
394,2002,49,SVK,Slovakia,574.0
395,2002,50,CHN,China PR,566.0
396,2002,51,ISR,Israel,563.0
397,2002,52,GHA,Ghana,558.0
398,2002,53,GRE,Greece,558.0
399,2002,54,BUL,Bulgaria,557.0
400,2002,55,SCO,Scotland,557.0
401,2002,56,ISL,Iceland,553.0
402,2002,57,JAM,Jamaica,549.0
403,2002,58,ANG,Angola,545.0
404,2002,59,GEO,Georgia,545.0
405,2002,60,THA,Thailand,544.0
406,2002,61,AUT,Austria,543.0
407,2002,62,GUA,Guatemala,538.0
408,2002,63,UAE,United Arab Emirates,536.0
409,2002,64,SUI,Switzerland,531.0
410,2002,65,ZAM,Zambia,530.0
411,2002,66,ZIM,Zimbabwe,527.0
412,2002,67,UZB,Uzbekistan,523.0
413,2002,68,HUN,Hungary,523.0
414,2002,69,TOG,Togo,518.0
415,2002,70,BOL,Bolivia,512.0
416,2002,71,IRQ,Iraq,509.0
417,2002,72,BIH,Bosnia and Herzegovina,508.0
418,2002,73,QAT,Qatar,507.0
419,2002,74,COD,Congo DR,505.0
420,2002,75,CAN,Canada,504.0
421,2002,76,LBR,Liberia,500.0
422,2002,77,KUW,Kuwait,500.0
423,2002,78,CUB,Cuba,498.0
424,2002,79,ALG,Algeria,497.0
425,2002,80,BFA,Burkina Faso,497.0
426,2002,81,HAI,Haiti,496.0
427,2002,82,CYP,Cyprus,492.0
428,2002,83,VEN,Venezuela,488.0
429,2002,84,SLV,El Salvador,480.0
430,2002,85,MLI,Mali,471.0
431,2002,86,EST,Estonia,471.0
432,2002,87,NZL,New Zealand,471.0
433,2002,88,BLR,Belarus,463.0
434,2002,89,MKD,FYR Macedonia,462.0
435,2002,90,NIR,Northern Ireland,455.0
436,2002,91,OMA,Oman,454.0
437,2002,92,IDN,Indonesia,453.0
438,2002,93,SYR,Syria,449.0
439,2002,94,LBN,Lebanon,445.0
440,2002,95,ALB,Albania,442.0
441,2002,96,WAL,Wales,440.0
442,2002,97,CGO,Congo,439.0
443,2002,98,LTU,Lithuania,436.0
444,2002,99,LVA,Latvia,435.0
445,2002,100,JOR,Jordan,434.0
446,2002,101,ARM,Armenia,433.0
447,2002,102,KAZ,Kazakhstan,429.0
448,2002,103,MDA,Moldova,425.0
449,2002,104,GAB,Gabon,422.0
450,2002,105,NAM,Namibia,422.0
451,2002,106,KEN,Kenya,418.0
452,2002,107,VIE,Vietnam,417.0
453,2002,108,BHR,Bahrain,409.0
454,2002,109,BRB,Barbados,407.0
455,2002,110,GUI,Guinea,399.0
456,2002,111,PAN,Panama,388.0
457,2002,112,MAS,Malaysia,384.0
458,2002,113,SGP,Singapore,381.0
459,2002,114,TKM,Turkmenistan,377.0
460,2002,115,AZE,Azerbaijan,377.0
461,2002,116,LBY,Libya,374.0
462,2002,117,MAD,Madagascar,366.0
463,2002,118,MLT,Malta,366.0
464,2002,119,FRO,Faroe Islands,365.0
465,2002,120,UGA,Uganda,364.0
466,2002,121,SDN,Sudan,360.0
467,2002,122,MWI,Malawi,353.0
468,2002,123,IND,India,350.0
469,2002,124,SWZ,Eswatini,349.0
470,2002,125,FIJ,Fiji,340.0
471,2002,126,PRK,Korea DPR,339.0
472,2002,127,MRI,Mauritius,335.0
473,2002,128,TAH,Tahiti,332.0
474,2002,129,MOZ,Mozambique,330.0
475,2002,130,BDI,Burundi,328.0
476,2002,131,VIN,St. Vincent and the Grenadines,327.0
477,2002,132,SKN,St. Kitts and Nevis,320.0
478,2002,133,RWA,Rwanda,319.0
479,2002,134,ETH,Ethiopia,318.0
480,2002,135,LCA,St. Lucia,318.0
481,2002,136,LES,Lesotho,313.0
482,2002,137,SOL,Solomon Islands,305.0
483,2002,138,GRN,Grenada,305.0
484,2002,139,BOT,Botswana,303.0
485,2002,140,YEM,Yemen,297.0
486,2002,141,AND,Andorra,286.0
487,2002,142,SRI,Sri Lanka,281.0
488,2002,143,HKG,Hong Kong,280.0
489,2002,144,SLE,Sierra Leone,279.0
490,2002,145,LUX,Luxembourg,266.0
491,2002,146,SUR,Suriname,260.0
492,2002,147,PLE,Palestine,247.0
493,2002,148,MDV,Maldives,245.0
494,2002,149,BAN,Bangladesh,241.0
495,2002,150,LIE,Liechtenstein,241.0
496,2002,151,BEN,Benin,239.0
497,2002,152,TAN,Tanzania,237.0
498,2002,153,MYA,Myanmar,229.0
499,2002,154,GAM,Gambia,227.0
500,2002,155,TJK,Tajikistan,221.0
501,2002,156,NEP,Nepal,214.0
502,2002,157,BLZ,Belize,211.0
503,2002,158,ATG,Antigua and Barbuda,211.0
504,2002,159,SMR,San Marino,204.0
505,2002,160,CPV,Cape Verde Islands,202.0
506,2002,161,DOM,Dominican Republic,198.0
507,2002,162,VGB,British Virgin Islands,197.0
508,2002,163,DMA,Dominica,197.0
509,2002,164,LAO,Laos,196.0
510,2002,165,SAM,Samoa,195.0
511,2002,166,KGZ,Kyrgyz Republic,195.0
512,2002,167,CAY,Cayman Islands,188.0
513,2002,168,BER,Bermuda,187.0
514,2002,169,ERI,Eritrea,182.0
515,2002,170,VAN,Vanuatu,180.0
516,2002,171,CAM,Cambodia,175.0
517,2002,172,TPE,Chinese Taipei,170.0
518,2002,173,TGA,Tonga,157.0
519,2002,174,GNB,Guinea-Bissau,147.0
520,2002,175,PHI,Philippines,145.0
521,2002,176,CHA,Chad,144.0
522,2002,177,GUY,Guyana,143.0
523,2002,178,MTN,Mauritania,140.0
524,2002,179,COK,Cook Islands,139.0
525,2002,180,PNG,Papua New Guinea,130.0
526,2002,181,PAK,Pakistan,130.0
527,2002,182,MAC,Macau,109.0
528,2002,183,CTA,Central African Republic,106.0
529,2002,184,BAH,Bahamas,103.0
530,2002,186,ARU,Aruba,99.0
531,2002,187,STP,Sao Tome e Principe,97.0
532,2002,188,MNG,Mongolia,92.0
533,2002,189,NCA,Nicaragua,88.0
534,2002,190,BRU,Brunei Darussalam,83.0
535,2002,191,EQG,Equatorial Guinea,76.0
536,2002,192,DJI,Djibouti,73.0
537,2002,193,NIG,Niger,68.0
538,2002,194,SEY,Seychelles,67.0
539,2002,195,SOM,Somalia,66.0
540,2002,196,AIA,Anguilla,63.0
541,2002,197,PUR,Puerto Rico,53.0
542,2002,198,VIR,US Virgin Islands,46.0
543,2002,199,GUM,Guam,24.0
544,2002,200,TCA,Turks and Caicos Islands,19.0
545,2002,201,ASA,American Samoa,19.0
546,2002,202,BHU,Bhutan,13.0
547,2002,203,MSR,Montserrat,9.0
548,2006,1,BRA,Brazil,827.0
549,2006,2,CZE,Czech Republic,772.0
550,2006,3,NED,Netherlands,768.0
551,2006,4,MEX,Mexico,758.0
552,2006,5,USA,USA,756.0
553,2006,5,ESP,Spain,756.0
554,2006,7,POR,Portugal,750.0
555,2006,8,FRA,France,749.0
556,2006,9,ARG,Argentina,746.0
557,2006,10,ENG,England,741.0
558,2006,11,NGA,Nigeria,736.0
559,2006,11,DEN,Denmark,736.0
560,2006,13,ITA,Italy,728.0
561,2006,14,TUR,Turkey,726.0
562,2006,15,CMR,Cameroon,722.0
563,2006,16,SWE,Sweden,709.0
564,2006,17,EGY,Egypt,708.0
565,2006,18,JPN,Japan,705.0
566,2006,19,GER,Germany,696.0
567,2006,20,GRE,Greece,694.0
568,2006,21,TUN,Tunisia,693.0
569,2006,22,URU,Uruguay,689.0
570,2006,23,IRN,IR Iran,686.0
571,2006,23,CRO,Croatia,686.0
572,2006,25,ROU,Romania,685.0
573,2006,26,CRC,Costa Rica,683.0
574,2006,27,COL,Colombia,681.0
575,2006,28,SEN,Senegal,679.0
576,2006,29,POL,Poland,677.0
577,2006,29,KOR,Korea Republic,677.0
578,2006,31,IRL,Republic of Ireland,671.0
579,2006,32,CIV,Côte d'Ivoire,669.0
580,2006,33,PAR,Paraguay,653.0
581,2006,34,KSA,Saudi Arabia,651.0
582,2006,35,SUI,Switzerland,648.0
583,2006,36,MAR,Morocco,646.0
584,2006,37,RUS,Russia,645.0
585,2006,37,BUL,Bulgaria,645.0
586,2006,39,ECU,Ecuador,631.0
587,2006,40,NOR,Norway,627.0
588,2006,41,SVK,Slovakia,613.0
589,2006,42,HON,Honduras,612.0
590,2006,42,AUS,Australia,612.0
591,2006,44,SCG,Serbia and Montenegro,610.0
592,2006,45,UKR,Ukraine,609.0
593,2006,46,JAM,Jamaica,607.0
594,2006,47,TRI,Trinidad and Tobago,604.0
595,2006,48,GHA,Ghana,600.0
596,2006,49,FIN,Finland,599.0
597,2006,49,ISR,Israel,599.0
598,2006,51,GUI,Guinea,597.0
599,2006,52,IRQ,Iraq,595.0
600,2006,53,RSA,South Africa,593.0
601,2006,54,BHR,Bahrain,588.0
602,2006,55,ZIM,Zimbabwe,586.0
603,2006,56,BEL,Belgium,582.0
604,2006,57,ANG,Angola,581.0
605,2006,57,ZAM,Zambia,581.0
606,2006,59,SCO,Scotland,576.0
607,2006,60,UZB,Uzbekistan,571.0
608,2006,61,TOG,Togo,569.0
609,2006,62,GUA,Guatemala,565.0
610,2006,63,BIH,Bosnia and Herzegovina,561.0
611,2006,64,CHI,Chile,557.0
612,2006,65,BLR,Belarus,553.0
613,2006,66,PER,Peru,550.0
614,2006,66,MLI,Mali,550.0
615,2006,68,CHN,China PR,545.0
616,2006,69,COD,Congo DR,544.0
617,2006,70,LVA,Latvia,541.0
618,2006,71,SVN,Slovenia,539.0
619,2006,71,VEN,Venezuela,539.0
620,2006,71,UAE,United Arab Emirates,539.0
621,2006,74,KUW,Kuwait,538.0
622,2006,74,WAL,Wales,538.0
623,2006,76,HUN,Hungary,535.0
624,2006,77,EST,Estonia,534.0
625,2006,78,QAT,Qatar,533.0
626,2006,79,AUT,Austria,531.0
627,2006,80,CUB,Cuba,527.0
628,2006,81,PAN,Panama,523.0
629,2006,82,OMA,Oman,519.0
630,2006,83,CAN,Canada,515.0
631,2006,84,JOR,Jordan,513.0
632,2006,85,ALB,Albania,512.0
633,2006,86,LBY,Libya,511.0
634,2006,87,ALG,Algeria,505.0
635,2006,88,PRK,Korea DPR,503.0
636,2006,89,BFA,Burkina Faso,500.0
637,2006,90,SYR,Syria,496.0
638,2006,91,MKD,FYR Macedonia,489.0
639,2006,92,SGP,Singapore,482.0
640,2006,93,LTU,Lithuania,481.0
641,2006,94,RWA,Rwanda,476.0
642,2006,95,KEN,Kenya,471.0
643,2006,96,NIR,Northern Ireland,469.0
644,2006,97,UGA,Uganda,468.0
645,2006,97,SDN,Sudan,468.0
646,2006,99,ISL,Iceland,463.0
647,2006,100,CYP,Cyprus,462.0
648,2006,101,GEO,Georgia,459.0
649,2006,102,BOL,Bolivia,456.0
650,2006,103,BOT,Botswana,454.0
651,2006,104,MDA,Moldova,452.0
652,2006,105,GAB,Gabon,448.0
653,2006,106,HAI,Haiti,447.0
654,2006,107,MWI,Malawi,436.0
655,2006,108,THA,Thailand,435.0
656,2006,109,ARM,Armenia,416.0
657,2006,110,IDN,Indonesia,402.0
658,2006,111,CGO,Congo,397.0
659,2006,112,AZE,Azerbaijan,392.0
660,2006,112,ETH,Ethiopia,392.0
661,2006,114,BEN,Benin,387.0
662,2006,115,PLE,Palestine,384.0
663,2006,116,HKG,Hong Kong,381.0
664,2006,117,IND,India,378.0
665,2006,118,NZL,New Zealand,376.0
666,2006,119,BRB,Barbados,372.0
667,2006,120,TKM,Turkmenistan,371.0
668,2006,121,TJK,Tajikistan,369.0
669,2006,122,LBN,Lebanon,368.0
670,2006,123,LIE,Liechtenstein,360.0
671,2006,123,CPV,Cape Verde Islands,360.0
672,2006,125,MLT,Malta,359.0
673,2006,126,VIE,Vietnam,353.0
674,2006,127,MOZ,Mozambique,346.0
675,2006,127,MAS,Malaysia,346.0
676,2006,129,AND,Andorra,343.0
677,2006,129,SLV,El Salvador,343.0
678,2006,131,LCA,St. Lucia,331.0
679,2006,132,YEM,Yemen,327.0
680,2006,133,SKN,St. Kitts and Nevis,325.0
681,2006,133,VIN,St. Vincent and the Grenadines,325.0
682,2006,135,KAZ,Kazakhstan,319.0
683,2006,136,SRI,Sri Lanka,318.0
684,2006,137,MDV,Maldives,315.0
685,2006,138,SWZ,Eswatini,314.0
686,2006,139,FRO,Faroe Islands,313.0
687,2006,140,BAN,Bangladesh,307.0
688,2006,141,LES,Lesotho,306.0
689,2006,142,FIJ,Fiji,305.0
690,2006,143,LBR,Liberia,304.0
691,2006,144,SOL,Solomon Islands,293.0
692,2006,145,TAH,Tahiti,287.0
693,2006,146,MRI,Mauritius,274.0
694,2006,147,KGZ,Kyrgyz Republic,273.0
695,2006,148,VAN,Vanuatu,257.0
696,2006,149,MYA,Myanmar,255.0
697,2006,150,BDI,Burundi,254.0
698,2006,151,MAD,Madagascar,252.0
699,2006,152,LUX,Luxembourg,248.0
700,2006,153,PAK,Pakistan,247.0
701,2006,154,EQG,Equatorial Guinea,244.0
702,2006,155,GRN,Grenada,240.0
703,2006,156,TPE,Chinese Taipei,239.0
704,2006,157,NCA,Nicaragua,237.0
705,2006,158,SUR,Suriname,235.0
706,2006,159,CHA,Chad,234.0
707,2006,160,ATG,Antigua and Barbuda,233.0
708,2006,161,SMR,San Marino,229.0
709,2006,162,GUY,Guyana,211.0
710,2006,162,BER,Bermuda,211.0
711,2006,164,NAM,Namibia,209.0
712,2006,165,SLE,Sierra Leone,207.0
713,2006,166,GAM,Gambia,198.0
714,2006,167,TAN,Tanzania,193.0
715,2006,168,PNG,Papua New Guinea,185.0
716,2006,169,NEP,Nepal,184.0
717,2006,171,ERI,Eritrea,174.0
718,2006,172,LAO,Laos,173.0
719,2006,173,VGB,British Virgin Islands,169.0
720,2006,174,DMA,Dominica,164.0
721,2006,175,DOM,Dominican Republic,151.0
722,2006,176,SEY,Seychelles,147.0
723,2006,177,NIG,Niger,138.0
724,2006,178,MTN,Mauritania,134.0
725,2006,179,MNG,Mongolia,133.0
726,2006,180,BLZ,Belize,129.0
727,2006,181,CTA,Central African Republic,128.0
728,2006,182,CAY,Cayman Islands,127.0
729,2006,183,SAM,Samoa,125.0
730,2006,184,CAM,Cambodia,112.0
731,2006,185,SOM,Somalia,110.0
732,2006,186,GNB,Guinea-Bissau,107.0
733,2006,187,TGA,Tonga,105.0
734,2006,188,AFG,Afghanistan,102.0
735,2006,188,NCL,New Caledonia,102.0
736,2006,190,BHU,Bhutan,88.0
737,2006,191,PHI,Philippines,84.0
738,2006,192,MAC,Macau,83.0
739,2006,193,BRU,Brunei Darussalam,73.0
740,2006,194,BAH,Bahamas,64.0
741,2006,195,COK,Cook Islands,61.0
742,2006,196,PUR,Puerto Rico,60.0
743,2006,197,VIR,US Virgin Islands,55.0
744,2006,198,STP,Sao Tome e Principe,52.0
745,2006,199,AIA,Anguilla,50.0
746,2006,200,DJI,Djibouti,45.0
747,2006,201,ARU,Aruba,44.0
748,2006,202,MSR,Montserrat,29.0
749,2006,203,GUM,Guam,22.0
750,2006,204,TCA,Turks and Caicos Islands,21.0
751,2006,205,ASA,American Samoa,14.0
752,2010,1,BRA,Brazil,1611.0
753,2010,2,ESP,Spain,1565.0
754,2010,3,POR,Portugal,1249.0
755,2010,4,NED,Netherlands,1231.0
756,2010,5,ITA,Italy,1184.0
757,2010,6,GER,Germany,1082.0
758,2010,7,ARG,Argentina,1076.0
759,2010,8,ENG,England,1068.0
760,2010,9,FRA,France,1044.0
761,2010,10,CRO,Croatia,1041.0
762,2010,11,RUS,Russia,1015.0
763,2010,12,EGY,Egypt,967.0
764,2010,13,GRE,Greece,964.0
765,2010,14,USA,USA,957.0
766,2010,15,SRB,Serbia,947.0
767,2010,16,URU,Uruguay,899.0
768,2010,17,MEX,Mexico,895.0
769,2010,18,CHI,Chile,888.0
770,2010,19,CMR,Cameroon,887.0
771,2010,20,AUS,Australia,886.0
772,2010,21,NGA,Nigeria,883.0
773,2010,22,NOR,Norway,882.0
774,2010,23,UKR,Ukraine,875.0
775,2010,24,SUI,Switzerland,866.0
776,2010,25,SVN,Slovenia,860.0
777,2010,26,ISR,Israel,857.0
778,2010,27,CIV,Côte d'Ivoire,856.0
779,2010,28,ROU,Romania,853.0
780,2010,29,TUR,Turkey,830.0
781,2010,30,ALG,Algeria,821.0
782,2010,31,PAR,Paraguay,820.0
783,2010,32,GHA,Ghana,800.0
784,2010,33,CZE,Czech Republic,793.0
785,2010,34,SVK,Slovakia,777.0
786,2010,35,COL,Colombia,776.0
787,2010,36,DEN,Denmark,767.0
788,2010,37,SWE,Sweden,761.0
789,2010,38,HON,Honduras,734.0
790,2010,39,BUL,Bulgaria,711.0
791,2010,40,CRC,Costa Rica,710.0
792,2010,41,IRL,Republic of Ireland,709.0
793,2010,42,GAB,Gabon,700.0
794,2010,43,SCO,Scotland,699.0
795,2010,44,ECU,Ecuador,694.0
796,2010,45,JPN,Japan,682.0
797,2010,46,LVA,Latvia,652.0
798,2010,47,KOR,Korea Republic,632.0
799,2010,48,BFA,Burkina Faso,611.0
800,2010,49,VEN,Venezuela,608.0
801,2010,49,LTU,Lithuania,608.0
802,2010,51,BIH,Bosnia and Herzegovina,604.0
803,2010,52,FIN,Finland,584.0
804,2010,53,PER,Peru,578.0
805,2010,54,MLI,Mali,575.0
806,2010,55,TUN,Tunisia,574.0
807,2010,56,NIR,Northern Ireland,566.0
808,2010,57,HUN,Hungary,565.0
809,2010,58,POL,Poland,561.0
810,2010,59,BEL,Belgium,541.0
811,2010,60,BEN,Benin,531.0
812,2010,61,IRN,IR Iran,521.0
813,2010,61,MKD,FYR Macedonia,521.0
814,2010,63,CAN,Canada,516.0
815,2010,64,MNE,Montenegro,500.0
816,2010,65,BOL,Bolivia,499.0
817,2010,66,KSA,Saudi Arabia,498.0
818,2010,67,CYP,Cyprus,486.0
819,2010,68,AUT,Austria,479.0
820,2010,69,BHR,Bahrain,475.0
821,2010,70,MAR,Morocco,463.0
822,2010,71,ZAM,Zambia,456.0
823,2010,72,SLV,El Salvador,452.0
824,2010,73,UGA,Uganda,440.0
825,2010,74,PAN,Panama,434.0
826,2010,75,SEN,Senegal,422.0
827,2010,76,TOG,Togo,418.0
828,2010,77,WAL,Wales,415.0
829,2010,78,NZL,New Zealand,410.0
830,2010,79,ALB,Albania,406.0
831,2010,80,IRQ,Iraq,405.0
832,2010,81,JAM,Jamaica,399.0
833,2010,82,BLR,Belarus,397.0
834,2010,83,RSA,South Africa,392.0
835,2010,84,CHN,China PR,387.0
836,2010,85,MOZ,Mozambique,383.0
837,2010,86,MWI,Malawi,382.0
838,2010,87,GUI,Guinea,381.0
839,2010,88,ANG,Angola,379.0
840,2010,89,MDA,Moldova,378.0
841,2010,90,ISL,Iceland,367.0
842,2010,91,OMA,Oman,362.0
843,2010,91,HAI,Haiti,362.0
844,2010,93,GAM,Gambia,361.0
845,2010,94,UZB,Uzbekistan,354.0
846,2010,95,TRI,Trinidad and Tobago,353.0
847,2010,96,QAT,Qatar,351.0
848,2010,97,KUW,Kuwait,350.0
849,2010,98,SYR,Syria,343.0
850,2010,99,EST,Estonia,320.0
851,2010,100,ARM,Armenia,311.0
852,2010,101,UAE,United Arab Emirates,310.0
853,2010,102,LBY,Libya,309.0
854,2010,103,CGO,Congo,308.0
855,2010,104,JOR,Jordan,300.0
856,2010,105,PRK,Korea DPR,285.0
857,2010,106,THA,Thailand,276.0
858,2010,107,RWA,Rwanda,269.0
859,2010,108,TAN,Tanzania,261.0
860,2010,109,AZE,Azerbaijan,259.0
861,2010,110,ZIM,Zimbabwe,258.0
862,2010,111,NAM,Namibia,251.0
863,2010,112,YEM,Yemen,248.0
864,2010,113,KEN,Kenya,243.0
865,2010,114,CPV,Cape Verde Islands,241.0
866,2010,114,GUA,Guatemala,241.0
867,2010,116,BOT,Botswana,236.0
868,2010,117,VIE,Vietnam,231.0
869,2010,118,SDN,Sudan,219.0
870,2010,119,ATG,Antigua and Barbuda,218.0
871,2010,120,GEO,Georgia,217.0
872,2010,121,COD,Congo DR,215.0
873,2010,122,GUY,Guyana,205.0
874,2010,123,ETH,Ethiopia,200.0
875,2010,124,GRN,Grenada,198.0
876,2010,125,FRO,Faroe Islands,196.0
877,2010,126,CUB,Cuba,194.0
878,2010,127,LUX,Luxembourg,193.0
879,2010,127,SGP,Singapore,193.0
880,2010,129,KAZ,Kazakhstan,183.0
881,2010,130,SLE,Sierra Leone,181.0
882,2010,131,SWZ,Swaziland,171.0
883,2010,132,FIJ,Fiji,167.0
884,2010,133,IND,India,163.0
885,2010,134,BER,Bermuda,160.0
886,2010,135,BRB,Barbados,155.0
887,2010,135,TJK,Tajikistan,155.0
888,2010,137,SUR,Suriname,153.0
889,2010,137,IDN,Indonesia,153.0
890,2010,139,TKM,Turkmenistan,151.0
891,2010,140,HKG,Hong Kong,150.0
892,2010,141,EQG,Equatorial Guinea,142.0
893,2010,142,MDV,Maldives,129.0
894,2010,143,CHA,Chad,128.0
895,2010,144,BDI,Burundi,127.0
896,2010,145,NCL,New Caledonia,126.0
897,2010,146,MAS,Malaysia,123.0
898,2010,147,MYA,Myanmar,122.0
899,2010,148,MAD,Madagascar,121.0
900,2010,149,LIE,Liechtenstein,117.0
901,2010,150,LBR,Liberia,114.0
902,2010,151,SKN,St. Kitts and Nevis,113.0
903,2010,152,LES,Lesotho,109.0
904,2010,153,VAN,Vanuatu,108.0
905,2010,154,ANT,Netherlands Antilles,103.0
906,2010,155,ERI,Eritrea,101.0
907,2010,155,NCA,Nicaragua,101.0
908,2010,157,MLT,Malta,100.0
909,2010,157,BAN,Bangladesh,100.0
910,2010,159,SRI,Sri Lanka,99.0
911,2010,160,LIB,Lebanon,98.0
912,2010,161,NEP,Nepal,96.0
913,2010,162,NIG,Niger,92.0
914,2010,163,VIN,St. Vincent / Grenadines,91.0
915,2010,164,MTN,Mauritania,81.0
916,2010,165,PAK,Pakistan,78.0
917,2010,166,PUR,Puerto Rico,76.0
918,2010,167,TPE,Chinese Taipei,75.0
919,2010,168,KGZ,Kyrgyz Republic,74.0
920,2010,169,PHI,Philippines,67.0
921,2010,170,SOL,Solomon Islands,60.0
922,2010,171,COM,Comoros,43.0
923,2010,172,MRI,Mauritius,40.0
924,2010,173,SOM,Somalia,39.0
925,2010,173,LAO,Laos,39.0
926,2010,173,CAY,Cayman Islands,39.0
927,2010,173,PLE,Palestine,39.0
928,2010,177,SAM,Samoa,38.0
929,2010,178,SEY,Seychelles,37.0
930,2010,179,MNG,Mongolia,36.0
931,2010,179,BLZ,Belize,36.0
932,2010,181,BAH,Bahamas,34.0
933,2010,181,COK,Cook Islands,34.0
934,2010,183,DMA,Dominica,33.0
935,2010,184,TCA,Turks and Caicos Islands,32.0
936,2010,185,CAM,Cambodia,30.0
937,2010,186,TGA,Tonga,28.0
938,2010,187,DOM,Dominican Republic,26.0
939,2010,188,DJI,Djibouti,23.0
940,2010,189,BRU,Brunei Darussalam,21.0
941,2010,189,AFG,Afghanistan,21.0
942,2010,191,LCA,St. Lucia,19.0
943,2010,191,GNB,Guinea-Bissau,19.0
944,2010,191,TAH,Tahiti,19.0
945,2010,194,VGB,British Virgin Islands,18.0
946,2010,195,GUM,Guam,17.0
947,2010,196,BHU,Bhutan,15.0
948,2010,197,MAC,Macau,14.0
949,2010,198,ARU,Aruba,11.0
950,2010,199,VIR,US Virgin Islands,5.0
951,2010,200,TLS,Timor-Leste,4.0
952,2010,201,AND,Andorra,2.0
953,2014,1,ESP,Spain,1485.0
954,2014,2,GER,Germany,1300.0
955,2014,3,BRA,Brazil,1242.0
956,2014,4,POR,Portugal,1189.0
957,2014,5,ARG,Argentina,1175.0
958,2014,6,SUI,Switzerland,1149.0
959,2014,7,URU,Uruguay,1147.0
960,2014,8,COL,Colombia,1137.0
961,2014,9,ITA,Italy,1104.0
962,2014,10,ENG,England,1090.0
963,2014,11,BEL,Belgium,1074.0
964,2014,12,GRE,Greece,1064.0
965,2014,13,USA,USA,1035.0
966,2014,14,CHI,Chile,1026.0
967,2014,15,NED,Netherlands,981.0
968,2014,16,UKR,Ukraine,915.0
969,2014,17,FRA,France,913.0
970,2014,18,CRO,Croatia,903.0
971,2014,19,RUS,Russia,893.0
972,2014,20,MEX,Mexico,882.0
973,2014,21,BIH,Bosnia and Herzegovina,873.0
974,2014,22,ALG,Algeria,858.0
975,2014,23,DEN,Denmark,809.0
976,2014,23,CIV,Côte d'Ivoire,809.0
977,2014,25,SVN,Slovenia,800.0
978,2014,26,ECU,Ecuador,791.0
979,2014,27,SCO,Scotland,786.0
980,2014,28,CRC,Costa Rica,762.0
981,2014,29,ROU,Romania,761.0
982,2014,30,SRB,Serbia,745.0
983,2014,31,PAN,Panama,743.0
984,2014,32,SWE,Sweden,741.0
985,2014,33,HON,Honduras,731.0
986,2014,34,CZE,Czech Republic,724.0
987,2014,35,TUR,Turkey,722.0
988,2014,36,EGY,Egypt,715.0
989,2014,37,GHA,Ghana,704.0
990,2014,38,ARM,Armenia,682.0
991,2014,39,CPV,Cape Verde Islands,674.0
992,2014,40,VEN,Venezuela,672.0
993,2014,41,WAL,Wales,644.0
994,2014,42,AUT,Austria,643.0
995,2014,43,IRN,IR Iran,641.0
996,2014,44,NGA,Nigeria,640.0
997,2014,45,PER,Peru,627.0
998,2014,46,JPN,Japan,626.0
999,2014,47,HUN,Hungary,624.0
1000,2014,48,TUN,Tunisia,612.0
1001,2014,49,SVK,Slovakia,591.0
1002,2014,50,PAR,Paraguay,575.0
1003,2014,51,MNE,Montenegro,574.0
1004,2014,52,ISL,Iceland,566.0
1005,2014,52,GUI,Guinea,566.0
1006,2014,54,SLE,Sierra Leone,565.0
1007,2014,55,NOR,Norway,562.0
1008,2014,56,CMR,Cameroon,558.0
1009,2014,57,MLI,Mali,547.0
1010,2014,57,KOR,Korea Republic,547.0
1011,2014,59,UZB,Uzbekistan,539.0
1012,2014,60,BFA,Burkina Faso,538.0
1013,2014,61,FIN,Finland,532.0
1014,2014,62,AUS,Australia,526.0
1015,2014,63,JOR,Jordan,510.0
1016,2014,64,LBY,Libya,498.0
1017,2014,65,RSA,South Africa,496.0
1018,2014,66,ALB,Albania,495.0
1019,2014,67,BOL,Bolivia,483.0
1020,2014,68,SLV,El Salvador,481.0
1021,2014,69,POL,Poland,474.0
1022,2014,70,IRL,Republic of Ireland,473.0
1023,2014,71,TRI,Trinidad and Tobago,470.0
1024,2014,72,UAE,United Arab Emirates,460.0
1025,2014,73,HAI,Haiti,452.0
1026,2014,74,SEN,Senegal,451.0
1027,2014,75,ISR,Israel,444.0
1028,2014,76,ZAM,Zambia,441.0
1029,2014,77,MAR,Morocco,439.0
1030,2014,78,BUL,Bulgaria,425.0
1031,2014,79,OMA,Oman,420.0
1032,2014,80,MKD,FYR Macedonia,419.0
1033,2014,81,JAM,Jamaica,411.0
1034,2014,82,BLR,Belarus,397.0
1035,2014,83,AZE,Azerbaijan,396.0
1036,2014,84,COD,Congo DR,395.0
1037,2014,85,CGO,Congo,393.0
1038,2014,86,UGA,Uganda,390.0
1039,2014,87,BEN,Benin,386.0
1040,2014,88,TOG,Togo,383.0
1041,2014,89,GAB,Gabon,382.0
1042,2014,90,NIR,Northern Ireland,381.0
1043,2014,90,KSA,Saudi Arabia,381.0
1044,2014,92,BOT,Botswana,375.0
1045,2014,93,ANG,Angola,364.0
1046,2014,94,PLE,Palestine,358.0
1047,2014,95,CUB,Cuba,354.0
1048,2014,96,GEO,Georgia,349.0
1049,2014,97,NZL,New Zealand,347.0
1050,2014,98,EST,Estonia,343.0
1051,2014,99,ZIM,Zimbabwe,340.0
1052,2014,100,QAT,Qatar,339.0
1053,2014,101,MDA,Moldova,334.0
1054,2014,102,EQG,Equatorial Guinea,333.0
1055,2014,103,CHN,China PR,331.0
1056,2014,104,IRQ,Iraq,329.0
1057,2014,105,CTA,Central African Republic,321.0
1058,2014,106,LTU,Lithuania,319.0
1059,2014,107,ETH,Ethiopia,317.0
1060,2014,108,KEN,Kenya,296.0
1061,2014,109,LVA,Latvia,293.0
1062,2014,110,BHR,Bahrain,289.0
1063,2014,110,CAN,Canada,289.0
1064,2014,112,NIG,Niger,284.0
1065,2014,113,TAN,Tanzania,283.0
1066,2014,114,NAM,Namibia,277.0
1067,2014,115,KUW,Kuwait,276.0
1068,2014,116,LBR,Liberia,271.0
1069,2014,116,RWA,Rwanda,271.0
1070,2014,118,MOZ,Mozambique,269.0
1071,2014,119,LUX,Luxembourg,267.0
1072,2014,120,SDN,Sudan,254.0
1073,2014,120,ARU,Aruba,254.0
1074,2014,122,MWI,Malawi,247.0
1075,2014,123,VIE,Vietnam,242.0
1076,2014,124,KAZ,Kazakhstan,241.0
1077,2014,125,LIB,Lebanon,233.0
1078,2014,126,TJK,Tajikistan,229.0
1079,2014,127,GUA,Guatemala,226.0
1080,2014,128,BDI,Burundi,221.0
1081,2014,129,PHI,Philippines,217.0
1082,2014,130,AFG,Afghanistan,215.0
1083,2014,131,DOM,Dominican Republic,212.0
1084,2014,132,MLT,Malta,204.0
1085,2014,133,VIN,St. Vincent / Grenadines,203.0
1086,2014,134,GNB,Guinea-Bissau,201.0
1087,2014,134,CHA,Chad,201.0
1088,2014,136,SUR,Suriname,197.0
1089,2014,137,MTN,Mauritania,196.0
1090,2014,137,LCA,St. Lucia,196.0
1091,2014,139,LES,Lesotho,194.0
1092,2014,140,NCL,New Caledonia,190.0
1093,2014,140,SYR,Syria,190.0
1094,2014,142,CYP,Cyprus,189.0
1095,2014,143,TKM,Turkmenistan,183.0
1096,2014,144,GRN,Grenada,182.0
1097,2014,144,MAD,Madagascar,182.0
1098,2014,146,PRK,Korea DPR,175.0
1099,2014,147,MDV,Maldives,171.0
1100,2014,148,GAM,Gambia,166.0
1101,2014,149,KGZ,Kyrgyz Republic,163.0
1102,2014,149,THA,Thailand,163.0
1103,2014,151,ATG,Antigua and Barbuda,158.0
1104,2014,152,BLZ,Belize,152.0
1105,2014,153,MAS,Malaysia,149.0
1106,2014,154,IND,India,144.0
1107,2014,155,SGP,Singapore,141.0
1108,2014,156,GUY,Guyana,137.0
1109,2014,157,IDN,Indonesia,135.0
1110,2014,158,PUR,Puerto Rico,134.0
1111,2014,159,MYA,Myanmar,133.0
1112,2014,160,SKN,St. Kitts and Nevis,124.0
1113,2014,161,TAH,Tahiti,122.0
1114,2014,162,LIE,Liechtenstein,118.0
1115,2014,163,HKG,Hong Kong,112.0
1116,2014,164,PAK,Pakistan,102.0
1117,2014,164,NEP,Nepal,102.0
1118,2014,166,MSR,Montserrat,99.0
1119,2014,167,BAN,Bangladesh,98.0
1120,2014,168,LAO,Laos,97.0
1121,2014,169,DMA,Dominica,93.0
1122,2014,170,BRB,Barbados,92.0
1123,2014,171,FRO,Faroe Islands,89.0
1124,2014,172,STP,Sao Tome e Principe,86.0
1125,2014,173,SWZ,Swaziland,85.0
1126,2014,174,COM,Comoros,84.0
1127,2014,175,BER,Bermuda,83.0
1128,2014,176,NCA,Nicaragua,78.0
1129,2014,176,TPE,Chinese Taipei,78.0
1130,2014,178,GUM,Guam,77.0
1131,2014,179,SRI,Sri Lanka,73.0
1132,2014,180,SOL,Solomon Islands,70.0
1133,2014,181,SEY,Seychelles,66.0
1134,2014,182,CUW,Curacao,65.0
1135,2014,183,YEM,Yemen,61.0
1136,2014,184,MRI,Mauritius,57.0
1137,2014,185,SSD,South Sudan,47.0
1138,2014,186,BAH,Bahamas,40.0
1139,2014,187,MNG,Mongolia,35.0
1140,2014,188,FIJ,Fiji,34.0
1141,2014,189,SAM,Samoa,32.0
1142,2014,190,CAM,Cambodia,28.0
1143,2014,190,VAN,Vanuatu,28.0
1144,2014,192,BRU,Brunei Darussalam,26.0
1145,2014,192,TLS,Timor-Leste,26.0
1146,2014,192,TGA,Tonga,26.0
1147,2014,195,VIR,US Virgin Islands,23.0
1148,2014,196,CAY,Cayman Islands,21.0
1149,2014,196,PNG,Papua New Guinea,21.0
1150,2014,198,VGB,British Virgin Islands,18.0
1151,2014,198,ASA,American Samoa,18.0
1152,2014,200,AND,Andorra,16.0
1153,2014,201,ERI,Eritrea,11.0
1154,2014,202,SOM,Somalia,8.0
1155,2014,202,MAC,Macau,8.0
1156,2014,204,DJI,Djibouti,6.0
1157,2014,205,COK,Cook Islands,5.0
1158,2014,206,AIA,Anguilla,3.0
1159,2018,1,GER,Germany,1558.0
1160,2018,2,BRA,Brazil,1431.0
1161,2018,3,BEL,Belgium,1298.0
1162,2018,4,POR,Portugal,1274.0
1163,2018,5,ARG,Argentina,1241.0
1164,2018,6,SUI,Switzerland,1199.0
1165,2018,7,FRA,France,1198.0
1166,2018,8,POL,Poland,1183.0
1167,2018,9,CHI,Chile,1135.0
1168,2018,10,ESP,Spain,1126.0
1169,2018,11,PER,Peru,1125.0
1170,2018,12,DEN,Denmark,1051.0
1171,2018,12,ENG,England,1051.0
1172,2018,14,URU,Uruguay,1018.0
1173,2018,15,MEX,Mexico,989.0
1174,2018,16,COL,Colombia,986.0
1175,2018,17,NED,Netherlands,981.0
1176,2018,18,WAL,Wales,953.0
1177,2018,19,ITA,Italy,951.0
1178,2018,20,CRO,Croatia,945.0
1179,2018,21,TUN,Tunisia,910.0
1180,2018,22,ISL,Iceland,908.0
1181,2018,23,CRC,Costa Rica,884.0
1182,2018,24,SWE,Sweden,880.0
1183,2018,25,USA,USA,873.0
1184,2018,26,AUT,Austria,845.0
1185,2018,27,SEN,Senegal,838.0
1186,2018,28,SVK,Slovakia,804.0
1187,2018,29,NIR,Northern Ireland,803.0
1188,2018,30,ROU,Romania,782.0
1189,2018,31,IRL,Republic of Ireland,777.0
1190,2018,32,PAR,Paraguay,773.0
1191,2018,33,VEN,Venezuela,755.0
1192,2018,34,SRB,Serbia,751.0
1193,2018,35,UKR,Ukraine,733.0
1194,2018,36,AUS,Australia,718.0
1195,2018,37,IRN,IR Iran,708.0
1196,2018,38,TUR,Turkey,706.0
1197,2018,38,COD,Congo DR,706.0
1198,2018,40,BIH,Bosnia and Herzegovina,693.0
1199,2018,41,MAR,Morocco,686.0
1200,2018,42,SCO,Scotland,660.0
1201,2018,43,MNE,Montenegro,652.0
1202,2018,44,GRE,Greece,650.0
1203,2018,45,EGY,Egypt,649.0
1204,2018,46,CZE,Czech Republic,641.0
1205,2018,47,GHA,Ghana,624.0
1206,2018,48,NGA,Nigeria,618.0
1207,2018,49,BUL,Bulgaria,614.0
1208,2018,49,CMR,Cameroon,614.0
1209,2018,51,HUN,Hungary,612.0
1210,2018,52,BFA,Burkina Faso,604.0
1211,2018,53,NOR,Norway,596.0
1212,2018,54,JAM,Jamaica,588.0
1213,2018,55,PAN,Panama,571.0
1214,2018,56,SVN,Slovenia,558.0
1215,2018,57,KOR,Korea Republic,544.0
1216,2018,58,ALB,Albania,538.0
1217,2018,59,BOL,Bolivia,536.0
1218,2018,60,ECU,Ecuador,524.0
1219,2018,61,JPN,Japan,521.0
1220,2018,62,HON,Honduras,503.0
1221,2018,63,FIN,Finland,486.0
1222,2018,64,MLI,Mali,484.0
1223,2018,65,CPV,Cape Verde Islands,478.0
1224,2018,66,ALG,Algeria,474.0
1225,2018,67,KSA,Saudi Arabia,465.0
1226,2018,68,GUI,Guinea,463.0
1227,2018,68,CIV,Côte d'Ivoire,463.0
1228,2018,70,RUS,Russia,457.0
1229,2018,71,MKD,FYR Macedonia,451.0
1230,2018,72,SLV,El Salvador,442.0
1231,2018,73,SYR,Syria,440.0
1232,2018,74,RSA,South Africa,428.0
1233,2018,75,CHN,China PR,423.0
1234,2018,76,ZAM,Zambia,420.0
1235,2018,77,UAE,United Arab Emirates,418.0
1236,2018,78,BLR,Belarus,417.0
1237,2018,79,LIB,Lebanon,411.0
1238,2018,79,CAN,Canada,411.0
1239,2018,81,CUW,Curacao,408.0
1240,2018,82,UGA,Uganda,403.0
1241,2018,83,CGO,Congo,393.0
1242,2018,84,OMA,Oman,391.0
1243,2018,85,LUX,Luxembourg,390.0
1244,2018,85,GAB,Gabon,390.0
1245,2018,87,CYP,Cyprus,384.0
1246,2018,88,BEN,Benin,379.0
1247,2018,89,IRQ,Iraq,377.0
1248,2018,90,FRO,Faroe Islands,376.0
1249,2018,91,TRI,Trinidad and Tobago,370.0
1250,2018,92,KGZ,Kyrgyz Republic,363.0
1251,2018,93,ISR,Israel,362.0
1252,2018,94,EST,Estonia,359.0
1253,2018,95,UZB,Uzbekistan,354.0
1254,2018,96,GEO,Georgia,352.0
1255,2018,97,IND,India,350.0
1256,2018,98,QAT,Qatar,348.0
1257,2018,99,PLE,Palestine,347.0
1258,2018,100,ARM,Armenia,338.0
1259,2018,101,LBY,Libya,336.0
1260,2018,102,VIE,Vietnam,334.0
1261,2018,103,NIG,Niger,323.0
1262,2018,104,HAI,Haiti,322.0
1263,2018,105,AZE,Azerbaijan,321.0
1264,2018,106,MAD,Madagascar,308.0
1265,2018,107,MTN,Mauritania,304.0
1266,2018,108,PRK,Korea DPR,303.0
1267,2018,108,CTA,Central African Republic,303.0
1268,2018,110,JOR,Jordan,296.0
1269,2018,111,SLE,Sierra Leone,292.0
1270,2018,112,KEN,Kenya,291.0
1271,2018,113,BHR,Bahrain,289.0
1272,2018,114,MOZ,Mozambique,282.0
1273,2018,115,PHI,Philippines,280.0
1274,2018,116,NAM,Namibia,277.0
1275,2018,117,KAZ,Kazakhstan,273.0
1276,2018,118,ZIM,Zimbabwe,265.0
1277,2018,119,TJK,Tajikistan,264.0
1278,2018,120,NZL,New Zealand,256.0
1279,2018,121,GNB,Guinea-Bissau,255.0
1280,2018,122,THA,Thailand,248.0
1281,2018,123,TPE,Chinese Taipei,247.0
1282,2018,123,MWI,Malawi,247.0
1283,2018,125,TOG,Togo,241.0
1284,2018,126,ATG,Antigua and Barbuda,239.0
1285,2018,126,LTU,Lithuania,239.0
1286,2018,128,SDN,Sudan,232.0
1287,2018,129,LVA,Latvia,230.0
1288,2018,130,TKM,Turkmenistan,229.0
1289,2018,130,AND,Andorra,229.0
1290,2018,132,NCA,Nicaragua,228.0
1291,2018,133,YEM,Yemen,227.0
1292,2018,134,SWZ,Swaziland,222.0
1293,2018,135,SKN,St. Kitts and Nevis,218.0
1294,2018,136,RWA,Rwanda,216.0
1295,2018,137,ANG,Angola,209.0
1296,2018,138,MYA,Myanmar,206.0
1297,2018,139,BOT,Botswana,205.0
1298,2018,140,TAN,Tanzania,200.0
1299,2018,141,KOS,Kosovo,197.0
1300,2018,142,HKG,Hong Kong,195.0
1301,2018,143,EQG,Equatorial Guinea,190.0
1302,2018,143,SOL,Solomon Islands,190.0
1303,2018,145,AFG,Afghanistan,188.0
1304,2018,146,GUA,Guatemala,180.0
1305,2018,147,LES,Lesotho,175.0
1306,2018,148,BDI,Burundi,174.0
1307,2018,149,COM,Comoros,172.0
1308,2018,150,MDV,Maldives,171.0
1309,2018,151,ETH,Ethiopia,166.0
1310,2018,152,DOM,Dominican Republic,162.0
1311,2018,153,SUR,Suriname,154.0
1312,2018,154,NCL,New Caledonia,150.0
1313,2018,155,MRI,Mauritius,140.0
1314,2018,156,SSD,South Sudan,132.0
1315,2018,157,TAH,Tahiti,130.0
1316,2018,158,LBR,Liberia,129.0
1317,2018,159,KUW,Kuwait,128.0
1318,2018,160,BRB,Barbados,127.0
1319,2018,161,NEP,Nepal,118.0
1320,2018,162,VAN,Vanuatu,117.0
1321,2018,163,BLZ,Belize,115.0
1322,2018,164,IDN,Indonesia,111.0
1323,2018,165,FIJ,Fiji,104.0
1324,2018,166,PNG,Papua New Guinea,103.0
1325,2018,166,CAM,Cambodia,103.0
1326,2018,168,GRN,Grenada,102.0
1327,2018,169,SGP,Singapore,99.0
1328,2018,170,LCA,St. Lucia,95.0
1329,2018,171,MAS,Malaysia,93.0
1330,2018,172,GAM,Gambia,92.0
1331,2018,173,PUR,Puerto Rico,89.0
1332,2018,173,VIN,St. Vincent / Grenadines,89.0
1333,2018,175,CHA,Chad,88.0
1334,2018,175,MDA,Moldova,88.0
1335,2018,177,DMA,Dominica,86.0
1336,2018,178,LAO,Laos,82.0
1337,2018,178,BER,Bermuda,82.0
1338,2018,180,LIE,Liechtenstein,80.0
1339,2018,181,CUB,Cuba,75.0
1340,2018,182,GUY,Guyana,73.0
1341,2018,183,BHU,Bhutan,68.0
1342,2018,184,MLT,Malta,65.0
1343,2018,185,MAC,Macau,60.0
1344,2018,186,MNG,Mongolia,51.0
1345,2018,186,STP,Sao Tome e Principe,51.0
1346,2018,188,SEY,Seychelles,48.0
1347,2018,188,ARU,Aruba,48.0
1348,2018,190,GUM,Guam,45.0
1349,2018,190,TLS,Timor-Leste,45.0
1350,2018,192,ASA,American Samoa,38.0
1351,2018,192,COK,Cook Islands,38.0
1352,2018,194,BAN,Bangladesh,35.0
1353,2018,195,GIB,Gibraltar,34.0
1354,2018,195,BRU,Brunei Darussalam,34.0
1355,2018,197,SAM,Samoa,32.0
1356,2018,197,DJI,Djibouti,32.0
1357,2018,199,VIR,US Virgin Islands,18.0
1358,2018,200,SRI,Sri Lanka,17.0
1359,2018,201,PAK,Pakistan,10.0
1360,2018,202,CAY,Cayman Islands,9.0
1361,2018,203,SMR,San Marino,8.0
1362,2018,204,MSR,Montserrat,4.0
1363,2018,204,VGB,British Virgin Islands,4.0
1364,2022,1,BRA,Brazil,1841.3
1365,2022,2,BEL,Belgium,1816.71
1366,2022,3,ARG,Argentina,1773.88
1367,2022,4,FRA,France,1759.78
1368,2022,5,ENG,England,1728.47
1369,2022,6,ITA,Italy,1726.14
1370,2022,7,ESP,Spain,1715.22
1371,2022,8,NED,Netherlands,1694.51
1372,2022,9,POR,Portugal,1676.56
1373,2022,10,DEN,Denmark,1666.57
1374,2022,11,GER,Germany,1650.21
1375,2022,12,CRO,Croatia,1645.64
1376,2022,13,MEX,Mexico,1644.89
1377,2022,14,URU,Uruguay,1638.71
1378,2022,15,SUI,Switzerland,1635.92
1379,2022,16,USA,USA,1627.48
1380,2022,17,COL,Colombia,1611.04
1381,2022,18,SEN,Senegal,1584.38
1382,2022,19,WAL,Wales,1569.82
1383,2022,20,IRN,IR Iran,1564.61
1384,2022,21,SRB,Serbia,1563.62
1385,2022,22,MAR,Morocco,1563.5
1386,2022,23,PER,Peru,1561.01
1387,2022,24,JPN,Japan,1559.54
1388,2022,25,SWE,Sweden,1553.33
1389,2022,26,POL,Poland,1548.59
1390,2022,27,UKR,Ukraine,1536.99
1391,2022,28,KOR,Korea Republic,1530.3
1392,2022,29,CHI,Chile,1509.61
1393,2022,30,TUN,Tunisia,1507.54
1394,2022,31,CRC,Costa Rica,1503.59
1395,2022,32,NGA,Nigeria,1498.47
1396,2022,33,RUS,Russia,1496.11
1397,2022,34,AUT,Austria,1492.95
1398,2022,35,CZE,Czechia,1492.21
1399,2022,36,HUN,Hungary,1492.2
1400,2022,37,ALG,Algeria,1489.1
1401,2022,38,AUS,Australia,1488.72
1402,2022,39,EGY,Egypt,1486.44
1403,2022,40,SCO,Scotland,1479.53
1404,2022,41,CAN,Canada,1475.0
1405,2022,42,NOR,Norway,1473.04
1406,2022,43,CMR,Cameroon,1471.44
1407,2022,44,ECU,Ecuador,1464.39
1408,2022,45,TUR,Türkiye,1460.14
1409,2022,46,MLI,Mali,1448.85
1410,2022,47,PAR,Paraguay,1448.77
1411,2022,48,CIV,Côte d'Ivoire,1443.06
1412,2022,49,IRL,Republic of Ireland,1440.19
1413,2022,50,QAT,Qatar,1439.89
1414,2022,51,KSA,Saudi Arabia,1437.78
1415,2022,52,GRE,Greece,1437.6
1416,2022,53,ROU,Romania,1434.68
1417,2022,54,BFA,Burkina Faso,1432.25
1418,2022,55,SVK,Slovakia,1425.59
1419,2022,56,FIN,Finland,1405.6
1420,2022,57,VEN,Venezuela,1404.37
1421,2022,58,BIH,Bosnia and Herzegovina,1403.51
1422,2022,59,NIR,Northern Ireland,1396.55
1423,2022,60,PAN,Panama,1393.28
1424,2022,61,GHA,Ghana,1393.0
1425,2022,62,ISL,Iceland,1384.41
1426,2022,63,SVN,Slovenia,1384.04
1427,2022,64,JAM,Jamaica,1378.86
1428,2022,65,MKD,North Macedonia,1358.51
1429,2022,66,ALB,Albania,1354.11
1430,2022,67,RSA,South Africa,1349.59
1431,2022,68,IRQ,Iraq,1343.01
1432,2022,69,MNE,Montenegro,1341.03
1433,2022,70,UAE,United Arab Emirates,1337.57
1434,2022,71,CPV,Cabo Verde,1336.05
1435,2022,72,BUL,Bulgaria,1335.36
1436,2022,73,COD,Congo DR,1333.92
1437,2022,74,SLV,El Salvador,1330.51
1438,2022,75,OMA,Oman,1320.29
1439,2022,76,ISR,Israel,1316.55
1440,2022,77,UZB,Uzbekistan,1309.98
1441,2022,78,GEO,Georgia,1307.34
1442,2022,79,CHN,China PR,1305.06
1443,2022,80,HON,Honduras,1301.98
1444,2022,81,GAB,Gabon,1301.84
1445,2022,82,BOL,Bolivia,1296.28
1446,2022,83,GUI,Guinea,1290.47
1447,2022,84,JOR,Jordan,1289.99
1448,2022,85,BHR,Bahrain,1280.64
1449,2022,86,CUW,Curaçao,1278.64
1450,2022,87,HAI,Haiti,1269.07
1451,2022,88,ZAM,Zambia,1267.41
1452,2022,89,UGA,Uganda,1260.69
1453,2022,90,SYR,Syria,1255.92
1454,2022,91,BEN,Benin,1247.47
1455,2022,92,LUX,Luxembourg,1243.8
1456,2022,93,ARM,Armenia,1233.93
1457,2022,94,PLE,Palestine,1233.72
1458,2022,95,KGZ,Kyrgyz Republic,1230.22
1459,2022,96,VIE,Vietnam,1226.65
1460,2022,97,BLR,Belarus,1221.06
1461,2022,98,EQG,Equatorial Guinea,1215.66
1462,2022,99,LBN,Lebanon,1211.71
1463,2022,100,CGO,Congo,1208.79
1464,2022,101,KEN,Kenya,1202.26
1465,2022,102,MAD,Madagascar,1200.74
1466,2022,103,MTN,Mauritania,1197.58
1467,2022,104,TRI,Trinidad and Tobago,1195.29
1468,2022,105,NZL,New Zealand,1193.98
1469,2022,106,IND,India,1192.09
1470,2022,107,KOS,Kosovo,1187.01
1471,2022,108,TJK,Tajikistan,1185.7
1472,2022,109,EST,Estonia,1184.64
1473,2022,110,CYP,Cyprus,1183.82
1474,2022,111,THA,Thailand,1174.92
1475,2022,112,PRK,Korea DPR,1169.96
1476,2022,113,KAZ,Kazakhstan,1166.63
1477,2022,114,MOZ,Mozambique,1165.22
1478,2022,115,NAM,Namibia,1164.13
1479,2022,116,GNB,Guinea-Bissau,1160.71
1480,2022,117,SLE,Sierra Leone,1160.31
1481,2022,118,GUA,Guatemala,1156.7
1482,2022,119,ANG,Angola,1155.9
1483,2022,120,LBY,Libya,1154.25
1484,2022,121,NIG,Niger,1152.8
1485,2022,122,FRO,Faroe Islands,1147.17
1486,2022,123,AZE,Azerbaijan,1146.72
1487,2022,124,MWI,Malawi,1144.97
1488,2022,125,ZIM,Zimbabwe,1138.56
1489,2022,126,GAM,The Gambia,1137.47
1490,2022,127,TOG,Togo,1128.92
1491,2022,128,SDN,Sudan,1127.34
1492,2022,129,COM,Comoros,1123.18
1493,2022,130,TAN,Tanzania,1119.89
1494,2022,131,ATG,Antigua and Barbuda,1117.01
1495,2022,132,CTA,Central African Republic,1116.97
1496,2022,133,PHI,Philippines,1115.13
1497,2022,134,LVA,Latvia,1114.21
1498,2022,135,TKM,Turkmenistan,1100.47
1499,2022,136,SOL,Solomon Islands,1095.7
1500,2022,137,RWA,Rwanda,1093.66
1501,2022,138,ETH,Ethiopia,1091.19
1502,2022,139,SUR,Suriname,1077.3
1503,2022,140,SKN,St Kitts and Nevis,1076.91
1504,2022,141,BDI,Burundi,1076.26
1505,2022,142,NCA,Nicaragua,1071.83
1506,2022,143,SWZ,Eswatini,1070.89
1507,2022,144,LTU,Lithuania,1069.75
1508,2022,145,HKG,Hong Kong,1062.39
1509,2022,146,MAS,Malaysia,1062.32
1510,2022,147,LES,Lesotho,1061.4
1511,2022,148,BOT,Botswana,1056.46
1512,2022,149,KUW,Kuwait,1053.41
1513,2022,150,LBR,Liberia,1049.66
1514,2022,151,AND,Andorra,1035.2
1515,2022,152,IDN,Indonesia,1033.9
1516,2022,153,DOM,Dominican Republic,1031.86
1517,2022,154,MDV,Maldives,1026.09
1518,2022,155,YEM,Yemen,1023.52
1519,2022,156,AFG,Afghanistan,1023.04
1520,2022,157,TPE,Chinese Taipei,1017.78
1521,2022,158,MYA,Myanmar,1007.89
1522,2022,159,PNG,Papua New Guinea,1007.46
1523,2022,160,SGP,Singapore,1003.5
1524,2022,161,NCL,New Caledonia,995.58
1525,2022,162,TAH,Tahiti,995.11
1526,2022,163,FIJ,Fiji,989.43
1527,2022,164,VAN,Vanuatu,985.62
1528,2022,165,SSD,South Sudan,983.99
1529,2022,166,BRB,Barbados,982.27
1530,2022,167,CUB,Cuba,978.65
1531,2022,168,MLT,Malta,977.92
1532,2022,169,BER,Bermuda,977.47
1533,2022,170,PUR,Puerto Rico,974.32
1534,2022,171,GUY,Guyana,968.74
1535,2022,172,LCA,St Lucia,965.66
1536,2022,173,GRN,Grenada,963.72
1537,2022,174,MDA,Moldova,961.23
1538,2022,175,NEP,Nepal,954.86
1539,2022,176,BLZ,Belize,950.88
1540,2022,177,CAM,Cambodia,948.62
1541,2022,178,VIN,St Vincent and the Grenadines,945.25
1542,2022,179,MSR,Montserrat,940.78
1543,2022,180,MRI,Mauritius,932.02
1544,2022,181,CHA,Chad,930.22
1545,2022,182,MAC,Macau,922.1
1546,2022,183,MNG,Mongolia,913.55
1547,2022,184,DMA,Dominica,911.51
1548,2022,185,BHU,Bhutan,910.96
1549,2022,186,STP,São Tomé and Príncipe,908.18
1550,2022,187,LAO,Laos,905.51
1551,2022,188,ASA,American Samoa,900.27
1552,2022,189,COK,Cook Islands,899.33
1553,2022,190,BRU,Brunei Darussalam,898.41
1554,2022,191,SAM,Samoa,894.26
1555,2022,192,BAN,Bangladesh,884.45
1556,2022,193,DJI,Djibouti,875.05
1557,2022,194,PAK,Pakistan,866.81
1558,2022,195,CAY,Cayman Islands,865.72
1559,2022,196,LIE,Liechtenstein,862.39
1560,2022,197,TGA,Tonga,861.81
1561,2022,198,TLS,Timor-Leste,860.06
1562,2022,199,SEY,Seychelles,859.56
1563,2022,200,ERI,Eritrea,855.56
1564,2022,201,ARU,Aruba,855.37
1565,2022,202,BAH,Bahamas,854.8
1566,2022,203,SOM,Somalia,854.72
1567,2022,204,GIB,Gibraltar,852.16
1568,2022,205,GUM,Guam,838.33
1569,2022,206,TCA,Turks and Caicos Islands,832.0
1570,2022,207,SRI,Sri Lanka,825.25
1571,2022,208,VIR,US Virgin Islands,823.97
1572,2022,209,VGB,British Virgin Islands,809.32
1573,2022,210,AIA,Anguilla,790.74
1574,2022,211,SMR,San Marino,762.22
